,CUI,STR,SAB,STY
0,C1015036,Thymus,NCBI,Plant
1,C0040113,Thymus,SNM,"Body Part, Organ, or Organ Component"
3,C0040113,Thymus,UWDA,"Body Part, Organ, or Organ Component"
4,C0040113,THYMUS,SNMI,"Body Part, Organ, or Organ Component"
5,C0040113,thymus,AOD,"Body Part, Organ, or Organ Component"
6,C0040113,thymus,CSP,"Body Part, Organ, or Organ Component"
7,C0040113,Thymus,FMA,"Body Part, Organ, or Organ Component"
8,C0040113,Thymus,ICF,"Body Part, Organ, or Organ Component"
9,C0040113,Thymus,ICF-CY,"Body Part, Organ, or Organ Component"
10,C0040113,thymus,CHV,"Body Part, Organ, or Organ Component"
11,C0040112,thymus,CHV,Biologically Active Substance
12,C0040112,THYMUS,MTHSPL,Biologically Active Substance
13,C0040113,Thymus,LCH_NW,"Body Part, Organ, or Organ Component"
14,C0040113,Thymus,MSH,"Body Part, Organ, or Organ Component"
15,C1015036,Thymus,LNC,Plant
16,C0040113,Thymus,SNOMEDCT_US,"Body Part, Organ, or Organ Component"
18,C0040113,Thymus,NCI,"Body Part, Organ, or Organ Component"
19,C0040113,Thymus,HL7V2.5,"Body Part, Organ, or Organ Component"
20,C0040112,THYMUS,VANDF,Biologically Active Substance
21,C0162371,Cord blood,SNMI,Body Substance
22,C0162371,cord blood,CSP,Body Substance
23,C0162371,Cord Blood,NCI,Body Substance
24,C0162371,cord blood,CHV,Body Substance
25,C0162371,Cord Blood,MEDLINEPLUS,Body Substance
26,C0162371,Cord blood,SNOMEDCT_US,Body Substance
27,C0162371,CORD BLOOD,MTHSPL,Body Substance
28,C0162371,Cord blood,LNC,Body Substance
29,C0162371,Cord Blood,MSH,Body Substance
30,C0162371,Cord Blood,HL7V2.5,Body Substance
31,C1546555,Cord blood,HL7V2.5,Intellectual Product
43,C0005767,Blood,LCH,Body Substance
44,C0005767,Blood,MSH,Body Substance
45,C0005767,Blood,MTH,Body Substance
47,C0005767,Blood,RCD,Body Substance
48,C0005767,Blood,SNM,Body Substance
50,C0005767,Blood,UWDA,Body Substance
51,C0005767,blood,AOD,Body Substance
52,C0005767,blood,CSP,Body Substance
53,C0005767,BLOOD,SNMI,Body Substance
54,C0005767,Blood,FMA,Body Substance
55,C0005767,Blood,LNC,Body Substance
56,C0005767,blood,CHV,Body Substance
57,C0005767,Blood,MEDLINEPLUS,Body Substance
59,C0005767,Blood,LCH_NW,Body Substance
61,C0005767,Blood,SNOMEDCT_US,Body Substance
67,C0005768,blood,MSH,Body Substance
68,C0005767,Blood,PSY,Body Substance
69,C0229664,Blood,NCI,Body Substance
70,C0005767,Blood,HL7V2.5,Body Substance
71,C0023884,Liver,LCH,"Body Part, Organ, or Organ Component"
72,C0721399,Liver,MMSL,Organic Chemical
73,C0721399,Liver,MMSL,Pharmacologic Substance
74,C0721399,Liver,MMSL,Vitamin
75,C0023884,Liver,MSH,"Body Part, Organ, or Organ Component"
76,C0023884,Liver,MTH,"Body Part, Organ, or Organ Component"
77,C1278929,Liver,RCD,"Body Part, Organ, or Organ Component"
78,C0023884,Liver,SNM,"Body Part, Organ, or Organ Component"
80,C0023884,Liver,UWDA,"Body Part, Organ, or Organ Component"
81,C0023884,LIVER,CCPSS,"Body Part, Organ, or Organ Component"
82,C0023884,LIVER,SNMI,"Body Part, Organ, or Organ Component"
83,C0023884,liver,AOD,"Body Part, Organ, or Organ Component"
84,C0023884,liver,CSP,"Body Part, Organ, or Organ Component"
85,C0023899,Liver,MMSL,Organic Chemical
86,C0023899,Liver,MMSL,Pharmacologic Substance
87,C0023884,Liver,OMIM,"Body Part, Organ, or Organ Component"
88,C0023884,Liver,FMA,"Body Part, Organ, or Organ Component"
89,C0023884,Liver,LNC,"Body Part, Organ, or Organ Component"
91,C0023884,liver,CHV,"Body Part, Organ, or Organ Component"
92,C0721399,Liver,CHV,Organic Chemical
93,C0721399,Liver,CHV,Pharmacologic Substance
94,C0721399,Liver,CHV,Vitamin
96,C0023884,Liver,LCH_NW,"Body Part, Organ, or Organ Component"
99,C0023884,Liver,SNOMEDCT_US,"Body Part, Organ, or Organ Component"
100,C4037986,Liver,LNC,"Body Part, Organ, or Organ Component"
104,C0023884,Liver,PSY,"Body Part, Organ, or Organ Component"
105,C0023884,Liver,NCI,"Body Part, Organ, or Organ Component"
106,C0023884,Liver,HL7V2.5,"Body Part, Organ, or Organ Component"
107,C0023899,LIVER,VANDF,Organic Chemical
108,C0023899,LIVER,VANDF,Pharmacologic Substance
109,C0018787,Heart,AIR,"Body Part, Organ, or Organ Component"
110,C0018787,Heart,LCH,"Body Part, Organ, or Organ Component"
111,C0018787,Heart,MSH,"Body Part, Organ, or Organ Component"
112,C0018787,Heart,MTH,"Body Part, Organ, or Organ Component"
113,C0018787,Heart,RCD,"Body Part, Organ, or Organ Component"
114,C0018787,Heart,SNM,"Body Part, Organ, or Organ Component"
116,C0018787,Heart,UWDA,"Body Part, Organ, or Organ Component"
117,C0018787,HEART,CCPSS,"Body Part, Organ, or Organ Component"
118,C0018787,HEART,SNMI,"Body Part, Organ, or Organ Component"
119,C0018787,heart,AOD,"Body Part, Organ, or Organ Component"
120,C0018787,heart,CSP,"Body Part, Organ, or Organ Component"
121,C0018787,Heart,OMIM,"Body Part, Organ, or Organ Component"
122,C0018787,Heart,FMA,"Body Part, Organ, or Organ Component"
123,C0018787,Heart,ICF,"Body Part, Organ, or Organ Component"
124,C0018787,Heart,ICF-CY,"Body Part, Organ, or Organ Component"
125,C0018787,Heart,LNC,"Body Part, Organ, or Organ Component"
126,C0018787,heart,CHV,"Body Part, Organ, or Organ Component"
128,C0018787,Heart,LCH_NW,"Body Part, Organ, or Organ Component"
130,C0018787,Heart,SNOMEDCT_US,"Body Part, Organ, or Organ Component"
133,C4037974,Heart,LNC,"Body Part, Organ, or Organ Component"
134,C0018787,Heart,PSY,"Body Part, Organ, or Organ Component"
135,C0018787,Heart,NCI,"Body Part, Organ, or Organ Component"
136,C0018787,Heart,HL7V2.5,"Body Part, Organ, or Organ Component"
137,C0494165,LIVER METASTASIS,CCPSS,Neoplastic Process
138,C0494165,liver metastasis,CHV,Neoplastic Process
139,C0494165,Liver metastasis,LCH_NW,Neoplastic Process
140,C0494165,Liver Metastasis,NCI,Neoplastic Process
141,C3495441,Primary motor cortex,FMA,Body Location or Region
142,C3495441,Primary Motor Cortex,NCI,Body Location or Region
143,C3495441,primary motor cortex,NEU,Body Location or Region
144,C3495441,primary motor cortex,MTH,Body Location or Region
145,C3495441,Primary Motor Cortex,MSH,Body Location or Region
146,C2243049,peripheral blood mononuclear cells,MEDCIN,Laboratory Procedure
147,C1321301,Peripheral Blood Mononuclear Cells,MSH,Cell
148,C0007134,Renal cell carcinoma,ICD10AM,Neoplastic Process
149,C0007134,Renal cell carcinoma,RCD,Neoplastic Process
150,C0007134,Renal cell carcinoma,SNM,Neoplastic Process
151,C0007134,Renal cell carcinoma,SNMI,Neoplastic Process
152,C0007134,RENAL CELL CARCINOMA,CCPSS,Neoplastic Process
153,C0007134,RENAL CELL CARCINOMA,DXP,Neoplastic Process
154,C0007134,RENAL CELL CARCINOMA,QMR,Neoplastic Process
155,C0007134,renal cell carcinoma,CSP,Neoplastic Process
156,C0007134,Renal cell carcinoma,MDR,Neoplastic Process
157,C0007134,renal cell carcinoma,MEDCIN,Neoplastic Process
158,C0007134,renal cell carcinoma,CHV,Neoplastic Process
159,C0007134,Renal cell carcinoma,LCH_NW,Neoplastic Process
160,C0007134,Renal cell carcinoma,SNOMEDCT_US,Neoplastic Process
161,C0007134,Renal cell carcinoma,HPO,Neoplastic Process
163,C0007134,Renal Cell Carcinoma,MSH,Neoplastic Process
165,C0279702,renal cell carcinoma,PDQ,Neoplastic Process
166,C0007134,renal cell carcinoma,PDQ,Neoplastic Process
167,C0007134,Renal cell carcinoma,OMIM,Neoplastic Process
168,C0007134,Renal cell carcinoma,ORPHANET,Neoplastic Process
169,C0007134,Renal Cell Carcinoma,MTH,Neoplastic Process
170,C0007134,Renal Cell Carcinoma,NCI,Neoplastic Process
171,C0005953,Bone Marrow,MSH,Tissue
172,C0005953,Bone Marrow,MTH,Tissue
173,C0005953,Bone Marrow,SNM,Tissue
174,C0005953,BONE MARROW,SNMI,Tissue
175,C5441789,Bone marrow,RCD,Tissue
176,C0005953,Bone marrow,SNM,Tissue
177,C0005953,Bone marrow,UWDA,Tissue
178,C0005953,bone marrow,AOD,Tissue
179,C0005953,bone marrow,CSP,Tissue
180,C0005953,Bone marrow,FMA,Tissue
181,C0005953,Bone marrow,ICF,Tissue
182,C0005953,Bone marrow,ICF-CY,Tissue
183,C0005953,Bone marrow,LNC,Tissue
184,C0005953,bone marrow,CHV,Tissue
185,C0005953,Bone marrow,LCH_NW,Tissue
186,C0005953,bone marrow,NDDF,Tissue
188,C0005953,Bone marrow,SNOMEDCT_US,Tissue
194,C0005953,Bone Marrow,PSY,Tissue
195,C0005953,Bone Marrow,NCI,Tissue
196,C0005953,Bone marrow,HL7V2.5,Tissue
197,C0007585,Cell culture,SNM,Laboratory Procedure
198,C0007585,cell culture,CSP,Laboratory Procedure
199,C0007585,cell culture,CHV,Laboratory Procedure
200,C0007585,Cell culture,LCH_NW,Laboratory Procedure
201,C0007585,Cell Culture,MSH,Laboratory Procedure
202,C0007585,cell culture,PDQ,Laboratory Procedure
203,C4721550,Cell Culture,MTH,Laboratory Procedure
204,C4721550,Cell Culture,NCI,Laboratory Procedure
205,C0006104,Brain,LCH,"Body Part, Organ, or Organ Component"
206,C0006104,Brain,MSH,"Body Part, Organ, or Organ Component"
207,C0006104,Brain,MTH,"Body Part, Organ, or Organ Component"
208,C0006104,Brain,RCD,"Body Part, Organ, or Organ Component"
209,C0006104,Brain,SNM,"Body Part, Organ, or Organ Component"
210,C0006104,Brain,UWDA,"Body Part, Organ, or Organ Component"
211,C0006104,BRAIN,CCPSS,"Body Part, Organ, or Organ Component"
212,C0006104,brain,AOD,"Body Part, Organ, or Organ Component"
213,C0006104,brain,CSP,"Body Part, Organ, or Organ Component"
214,C0006104,Brain,FMA,"Body Part, Organ, or Organ Component"
215,C0006104,Brain,LNC,"Body Part, Organ, or Organ Component"
216,C0006104,brain,CHV,"Body Part, Organ, or Organ Component"
217,C0006104,brain,NEU,"Body Part, Organ, or Organ Component"
219,C0006104,Brain,LCH_NW,"Body Part, Organ, or Organ Component"
221,C0006104,Brain,SNOMEDCT_US,"Body Part, Organ, or Organ Component"
222,C4266577,Brain,LNC,"Body Part, Organ, or Organ Component"
224,C0006104,Brain,PSY,"Body Part, Organ, or Organ Component"
225,C0006104,Brain,NCI,"Body Part, Organ, or Organ Component"
226,C0006104,Brain,HL7V2.5,"Body Part, Organ, or Organ Component"
227,C0024109,Lung,MSH,"Body Part, Organ, or Organ Component"
228,C0024109,Lung,MTH,"Body Part, Organ, or Organ Component"
229,C0024109,Lung,RCD,"Body Part, Organ, or Organ Component"
230,C0024109,Lung,SNM,"Body Part, Organ, or Organ Component"
232,C0024109,Lung,UWDA,"Body Part, Organ, or Organ Component"
233,C0024109,lung,AOD,"Body Part, Organ, or Organ Component"
234,C0024109,lung,CSP,"Body Part, Organ, or Organ Component"
235,C0024109,Lung,OMIM,"Body Part, Organ, or Organ Component"
237,C0024109,Lung,FMA,"Body Part, Organ, or Organ Component"
238,C0024109,Lung,LNC,"Body Part, Organ, or Organ Component"
239,C0024109,lung,CHV,"Body Part, Organ, or Organ Component"
243,C0024109,Lung,SNOMEDCT_US,"Body Part, Organ, or Organ Component"
245,C4037972,Lung,LNC,Body Location or Region
246,C0024109,Lung,PSY,"Body Part, Organ, or Organ Component"
247,C0024109,Lung,NCI,"Body Part, Organ, or Organ Component"
248,C0024109,Lung,HL7V2.5,"Body Part, Organ, or Organ Component"
249,C0431085,Tumor cells,RCDAE,Cell
250,C0431085,Tumor cells,SNM,Cell
251,C5551176,tumor cells,CHV,Cell
252,C5551176,Tumor cells,SNOMEDCT_US,Cell
253,C5551176,Tumor cells,MTH,Cell
254,C0038250,Stem Cells,MSH,Cell
255,C0038250,Stem cells,LCH,Cell
256,C0038250,stem cells,CHV,Cell
257,C0038250,Stem Cells,MEDLINEPLUS,Cell
258,C0038250,Stem cells,LCH_NW,Cell
259,C0038250,Stem cells,MTH,Cell
260,C0038250,Stem Cells,NCI,Cell
261,C0152018,ESOPHAGEAL CARCINOMA,COSTAR,Neoplastic Process
262,C0152018,ESOPHAGEAL CARCINOMA,CST,Neoplastic Process
263,C0152018,ESOPHAGEAL CARCINOMA,MTH,Neoplastic Process
264,C0152018,Esophageal carcinoma,OMIM,Neoplastic Process
265,C0152018,esophageal carcinoma,MEDCIN,Neoplastic Process
266,C0152018,esophageal carcinoma,CHV,Neoplastic Process
267,C0152018,Esophageal carcinoma,HPO,Neoplastic Process
268,C0152018,Esophageal carcinoma,MDR,Neoplastic Process
270,C0152018,Esophageal carcinoma,ORPHANET,Neoplastic Process
271,C0152018,Esophageal carcinoma,MTH,Neoplastic Process
272,C0152018,Esophageal Carcinoma,NCI,Neoplastic Process
273,C0030274,Pancreas,LCH,"Body Part, Organ, or Organ Component"
274,C0030274,Pancreas,MSH,"Body Part, Organ, or Organ Component"
275,C0030274,Pancreas,MTH,"Body Part, Organ, or Organ Component"
276,C0030274,Pancreas,MTHMST,"Body Part, Organ, or Organ Component"
277,C0030274,Pancreas,RCD,"Body Part, Organ, or Organ Component"
278,C0030274,Pancreas,SNM,"Body Part, Organ, or Organ Component"
280,C0030274,Pancreas,UWDA,"Body Part, Organ, or Organ Component"
281,C0030274,PANCREAS,CCPSS,"Body Part, Organ, or Organ Component"
282,C0030274,PANCREAS,SNMI,"Body Part, Organ, or Organ Component"
283,C0030274,pancreas,AOD,"Body Part, Organ, or Organ Component"
284,C0030274,pancreas,CSP,"Body Part, Organ, or Organ Component"
285,C0030274,Pancreas,OMIM,"Body Part, Organ, or Organ Component"
286,C0030274,Pancreas,FMA,"Body Part, Organ, or Organ Component"
287,C0030274,Pancreas,LNC,"Body Part, Organ, or Organ Component"
288,C0771711,pancreas,CHV,Organic Chemical
289,C0771711,pancreas,CHV,Pharmacologic Substance
290,C0030274,pancreas,CHV,"Body Part, Organ, or Organ Component"
292,C0030274,Pancreas,LCH_NW,"Body Part, Organ, or Organ Component"
293,C0771711,Pancreas,LNC,Organic Chemical
294,C0771711,Pancreas,LNC,Pharmacologic Substance
295,C0771711,pancreas,NDDF,Organic Chemical
296,C0771711,pancreas,NDDF,Pharmacologic Substance
298,C0030274,Pancreas,SNOMEDCT_US,"Body Part, Organ, or Organ Component"
299,C4037927,Pancreas,LNC,"Body Part, Organ, or Organ Component"
301,C0030274,Pancreas,PSY,"Body Part, Organ, or Organ Component"
302,C0030274,Pancreas,NCI,"Body Part, Organ, or Organ Component"
303,C0030274,Pancreas,HL7V2.5,"Body Part, Organ, or Organ Component"
304,C0227794,Vaginal apex,SNM,Body Location or Region
305,C0227794,Vaginal apex,SNMI,Body Location or Region
306,C0227794,Vaginal apex,SNOMEDCT_US,Body Location or Region
307,C0031153,Peritoneum,LCH,Tissue
308,C0031153,Peritoneum,MSH,Tissue
309,C0031153,Peritoneum,RCD,Tissue
310,C0031153,Peritoneum,SNM,Tissue
311,C0031153,Peritoneum,UWDA,Tissue
312,C0031153,peritoneum,AOD,Tissue
313,C0031153,peritoneum,CSP,Tissue
314,C0031153,PERITONEUM,SNMI,Tissue
315,C0031153,Peritoneum,FMA,Tissue
316,C0031153,Peritoneum,LNC,Tissue
317,C0031153,peritoneum,CHV,Tissue
319,C0031153,Peritoneum,LCH_NW,Tissue
322,C0031153,Peritoneum,SNOMEDCT_US,Tissue
323,C4482223,Peritoneum,LNC,Tissue
325,C0031153,Peritoneum,NCI,Tissue
326,C0031153,Peritoneum,HL7V2.5,Tissue
327,C0031153,Peritoneum,MTH,Tissue
328,C0229664,Peripheral blood,SNM,Body Substance
329,C0229664,peripheral blood,CHV,Body Substance
330,C0229664,Peripheral blood,SNOMEDCT_US,Body Substance
331,C5401001,Peripheral Blood,NCI,Body Substance
332,C0229664,peripheral blood,MTH,Body Substance
333,C0006141,Breast,LCH,"Body Part, Organ, or Organ Component"
334,C0006141,Breast,MSH,"Body Part, Organ, or Organ Component"
335,C0006141,Breast,MTH,"Body Part, Organ, or Organ Component"
336,C0006141,Breast,RCD,"Body Part, Organ, or Organ Component"
337,C0006141,Breast,SNM,"Body Part, Organ, or Organ Component"
339,C0006141,Breast,UWDA,"Body Part, Organ, or Organ Component"
340,C0006141,BREAST,CCPSS,"Body Part, Organ, or Organ Component"
341,C0006141,breast,AOD,"Body Part, Organ, or Organ Component"
342,C0006141,breast,CSP,"Body Part, Organ, or Organ Component"
343,C0006141,Breast,FMA,"Body Part, Organ, or Organ Component"
344,C0006141,Breast,LNC,"Body Part, Organ, or Organ Component"
345,C0006141,breast,CHV,"Body Part, Organ, or Organ Component"
347,C0006141,Breast,LCH_NW,"Body Part, Organ, or Organ Component"
350,C0006141,Breast,SNOMEDCT_US,"Body Part, Organ, or Organ Component"
352,C0006141,Breast,PSY,"Body Part, Organ, or Organ Component"
353,C0006141,Breast,NCI,"Body Part, Organ, or Organ Component"
354,C0006141,Breast,HL7V2.5,"Body Part, Organ, or Organ Component"
355,C0677930,primary tumor,CHV,Neoplastic Process
356,C0677930,Primary Tumor,NCI,Neoplastic Process
407,C0007301,Cartilage,LCH,Tissue
408,C0007301,Cartilage,MSH,Tissue
409,C0007301,Cartilage,RCD,Tissue
410,C0007301,Cartilage,SNM,Tissue
411,C0007301,cartilage,AOD,Tissue
412,C0007301,cartilage,CSP,Tissue
413,C0007301,cartilage,CHV,Tissue
414,C0007301,Cartilage,LCH_NW,Tissue
415,C0007301,cartilage,NDDF,Tissue
416,C0007301,Cartilage,LNC,Tissue
417,C0007301,Cartilage,NCI,Tissue
418,C0007301,Cartilage,MTH,Tissue
479,C2239176,HEPATOCELLULAR CARCINOMA,CCPSS,Neoplastic Process
480,C2239176,HEPATOCELLULAR CARCINOMA,DXP,Neoplastic Process
481,C2239176,HEPATOCELLULAR CARCINOMA,QMR,Neoplastic Process
482,C2239176,Hepatocellular carcinoma,RCD,Neoplastic Process
483,C2239176,Hepatocellular carcinoma,SNM,Neoplastic Process
484,C2239176,hepatocellular carcinoma,AOD,Neoplastic Process
485,C2239176,hepatocellular carcinoma,CSP,Neoplastic Process
486,C2239176,Hepatocellular carcinoma,OMIM,Neoplastic Process
487,C2239176,HEPATOCELLULAR CARCINOMA,OMIM,Neoplastic Process
488,C2239176,Hepatocellular carcinoma,ICD10CM,Neoplastic Process
489,C2239176,hepatocellular carcinoma,CHV,Neoplastic Process
490,C2239176,Hepatocellular Carcinoma,MEDLINEPLUS,Neoplastic Process
491,C2239176,Hepatocellular carcinoma,MEDLINEPLUS,Neoplastic Process
492,C2239176,Hepatocellular carcinoma,MDR,Neoplastic Process
493,C2239176,Hepatocellular carcinoma,HPO,Neoplastic Process
495,C2239176,Hepatocellular Carcinoma,MSH,Neoplastic Process
496,C2239176,Hepatocellular carcinoma,SNOMEDCT_US,Neoplastic Process
498,C2239176,Hepatocellular carcinoma,ORPHANET,Neoplastic Process
499,C2239176,Hepatocellular Carcinoma,NCI,Neoplastic Process
500,C2239176,Hepatocellular carcinoma,MTHICD9,Neoplastic Process
501,C0009392,CSF,CSP,"Amino Acid, Peptide, or Protein"
502,C0009392,CSF,CSP,Biologically Active Substance
503,C0007806,CSF,CSP,Body Substance
504,C0007806,CSF,SNM,Body Substance
505,C0007806,CSF,UWDA,Body Substance
506,C0007806,CSF,FMA,Body Substance
507,C0007806,CSF,LNC,Body Substance
508,C0007806,CSF,CHV,Body Substance
509,C3889436,CSF,NCI,Gene or Genome
511,C5197246,CSF,NCI,"Amino Acid, Peptide, or Protein"
512,C5197246,CSF,NCI,Biologically Active Substance
513,C0009392,CSF,NCI,"Amino Acid, Peptide, or Protein"
514,C0009392,CSF,NCI,Biologically Active Substance
515,C0005682,Bladder,LCH,"Body Part, Organ, or Organ Component"
516,C0005682,Bladder,RCD,"Body Part, Organ, or Organ Component"
517,C0005682,Bladder,UWDA,"Body Part, Organ, or Organ Component"
518,C0005682,Bladder,OMIM,"Body Part, Organ, or Organ Component"
519,C0005682,bladder,AOD,"Body Part, Organ, or Organ Component"
520,C0005682,Bladder,FMA,"Body Part, Organ, or Organ Component"
521,C0005682,Bladder,LNC,"Body Part, Organ, or Organ Component"
522,C0005682,bladder,CHV,"Body Part, Organ, or Organ Component"
523,C0005682,Bladder,LCH_NW,"Body Part, Organ, or Organ Component"
524,C0005682,Bladder,MSH,"Body Part, Organ, or Organ Component"
525,C0005682,Bladder,SNOMEDCT_US,"Body Part, Organ, or Organ Component"
527,C0005682,Bladder,PSY,"Body Part, Organ, or Organ Component"
528,C0005682,Bladder,NCI,"Body Part, Organ, or Organ Component"
529,C0005682,Bladder,HL7V2.5,"Body Part, Organ, or Organ Component"
530,C0007600,Cell Line,MSH,Cell
531,C0007600,cell line,CSP,Cell
532,C0007600,cell line,CHV,Cell
533,C0007600,Cell Line,NCI,Cell
534,C0021852,Small intestine,RCD,"Body Part, Organ, or Organ Component"
535,C0021852,Small intestine,SNM,"Body Part, Organ, or Organ Component"
536,C0021852,Small intestine,UWDA,"Body Part, Organ, or Organ Component"
537,C0021852,SMALL INTESTINE,SNMI,"Body Part, Organ, or Organ Component"
538,C0021852,Small Intestine,ICD10AM,"Body Part, Organ, or Organ Component"
539,C0021852,small intestine,AOD,"Body Part, Organ, or Organ Component"
540,C0021852,small intestine,CSP,"Body Part, Organ, or Organ Component"
541,C0021852,Small intestine,FMA,"Body Part, Organ, or Organ Component"
542,C0021852,Small intestine,ICF,"Body Part, Organ, or Organ Component"
543,C0021852,Small intestine,ICF-CY,"Body Part, Organ, or Organ Component"
544,C0021852,small intestine,CHV,"Body Part, Organ, or Organ Component"
545,C0021852,Small Intestine,MSH,"Body Part, Organ, or Organ Component"
546,C0021852,Small intestine,SNOMEDCT_US,"Body Part, Organ, or Organ Component"
547,C0021852,Small intestine,LNC,"Body Part, Organ, or Organ Component"
548,C0021852,Small Intestine,NCI,"Body Part, Organ, or Organ Component"
549,C0086590,Marrow,LCH,Food
550,C0376152,Marrow,MTH,"Body Part, Organ, or Organ Component"
551,C0086590,Marrow,RCD,Food
552,C0376152,marrow,CHV,"Body Part, Organ, or Organ Component"
553,C0086590,Marrow,SNOMEDCT_US,Food
554,C0376152,Marrow,MSH,"Body Part, Organ, or Organ Component"
555,C0376152,Marrow,HL7V2.5,"Body Part, Organ, or Organ Component"
556,C1546708,Marrow,HL7V2.5,Intellectual Product
557,C0032227,Pleural Effusion,MSH,Disease or Syndrome
558,C0032227,PLEURAL EFFUSION,CCPSS,Disease or Syndrome
559,C0032227,PLEURAL EFFUSION,COSTAR,Disease or Syndrome
560,C0032227,PLEURAL EFFUSION,CST,Disease or Syndrome
561,C0032227,PLEURAL EFFUSION,WHO,Disease or Syndrome
562,C0032227,Pleural effusion,MDR,Disease or Syndrome
563,C0032227,Pleural effusion,RCD,Disease or Syndrome
564,C1253943,Pleural effusion,UWDA,Body Substance
565,C0032227,pleural effusion,AOD,Disease or Syndrome
566,C0032227,Pleural effusion,OMIM,Disease or Syndrome
567,C0032227,pleural effusion,MEDCIN,Disease or Syndrome
568,C2073625,pleural effusion,MEDCIN,Finding
569,C0032227,pleural effusion,CHV,Disease or Syndrome
570,C1253943,pleural effusion,CHV,Body Substance
571,C0032227,Pleural Effusion,MEDLINEPLUS,Disease or Syndrome
572,C0032227,Pleural effusion,HPO,Disease or Syndrome
574,C0032227,Pleural effusion,NANDA-I,Disease or Syndrome
575,C0032227,pleural effusion,PDQ,Disease or Syndrome
576,C0032227,Pleural effusion,SNOMEDCT_US,Disease or Syndrome
577,C0032227,Pleural Effusion,NCI,Disease or Syndrome
578,C0032227,pleural effusion,ICPC2P,Disease or Syndrome
610,C0023078,Larynx,LCH,"Body Part, Organ, or Organ Component"
611,C0023078,Larynx,MSH,"Body Part, Organ, or Organ Component"
612,C0023078,Larynx,MTH,"Body Part, Organ, or Organ Component"
613,C0023078,Larynx,RCD,"Body Part, Organ, or Organ Component"
614,C0023078,Larynx,SNM,"Body Part, Organ, or Organ Component"
615,C0023078,Larynx,UWDA,"Body Part, Organ, or Organ Component"
616,C0023078,larynx,AOD,"Body Part, Organ, or Organ Component"
617,C0023078,larynx,CSP,"Body Part, Organ, or Organ Component"
618,C0023078,Larynx,OMIM,"Body Part, Organ, or Organ Component"
619,C0023078,Larynx,FMA,"Body Part, Organ, or Organ Component"
620,C0023051,Larynx,ICD10CM,Disease or Syndrome
621,C0023078,Larynx,LNC,"Body Part, Organ, or Organ Component"
622,C0023078,larynx,CHV,"Body Part, Organ, or Organ Component"
624,C0023078,Larynx,LCH_NW,"Body Part, Organ, or Organ Component"
627,C0023078,Larynx,SNOMEDCT_US,"Body Part, Organ, or Organ Component"
630,C0023078,Larynx,PSY,"Body Part, Organ, or Organ Component"
631,C0023078,Larynx,NCI,"Body Part, Organ, or Organ Component"
632,C0023078,Larynx,HL7V2.5,"Body Part, Organ, or Organ Component"
633,C0024204,Lymph Gland,NCI,"Body Part, Organ, or Organ Component"
634,C0024204,lymph gland,CHV,"Body Part, Organ, or Organ Component"
635,C0024204,Lymph gland,SNOMEDCT_US,"Body Part, Organ, or Organ Component"
636,C0228232,Right temporal lobe,SNMI,"Body Part, Organ, or Organ Component"
637,C0228232,Right temporal lobe,FMA,"Body Part, Organ, or Organ Component"
638,C0228232,right temporal lobe,CHV,"Body Part, Organ, or Organ Component"
639,C0228232,Right temporal lobe,SNOMEDCT_US,"Body Part, Organ, or Organ Component"
640,C0228233,Left temporal lobe,SNMI,"Body Part, Organ, or Organ Component"
641,C0228233,Left temporal lobe,FMA,"Body Part, Organ, or Organ Component"
642,C0228233,left temporal lobe,CHV,"Body Part, Organ, or Organ Component"
643,C0228233,Left temporal lobe,SNOMEDCT_US,"Body Part, Organ, or Organ Component"
644,C0038590,Substantia Nigra,MSH,"Body Part, Organ, or Organ Component"
645,C0038590,Substantia nigra,RCD,"Body Part, Organ, or Organ Component"
646,C0038590,Substantia nigra,SNM,"Body Part, Organ, or Organ Component"
647,C0038590,Substantia nigra,SNMI,"Body Part, Organ, or Organ Component"
648,C0038590,substantia nigra,AOD,"Body Part, Organ, or Organ Component"
649,C0038590,substantia nigra,CSP,"Body Part, Organ, or Organ Component"
650,C0038590,Substantia nigra,FMA,"Body Part, Organ, or Organ Component"
651,C0038590,substantia nigra,CHV,"Body Part, Organ, or Organ Component"
652,C0038590,substantia nigra,NEU,"Body Part, Organ, or Organ Component"
653,C0038590,Substantia nigra,NEU,"Body Part, Organ, or Organ Component"
654,C0038590,Substantia nigra,LCH_NW,"Body Part, Organ, or Organ Component"
655,C0038590,Substantia nigra,SNOMEDCT_US,"Body Part, Organ, or Organ Component"
656,C0038590,Substantia Nigra,PSY,"Body Part, Organ, or Organ Component"
657,C0038590,Substantia Nigra,NCI,"Body Part, Organ, or Organ Component"
658,C0022646,Kidney,MSH,"Body Part, Organ, or Organ Component"
659,C0022646,Kidney,MTH,"Body Part, Organ, or Organ Component"
660,C0022646,Kidney,PCDS,"Body Part, Organ, or Organ Component"
661,C0022646,Kidney,RCD,"Body Part, Organ, or Organ Component"
662,C0022646,Kidney,SNM,"Body Part, Organ, or Organ Component"
664,C0022646,Kidney,ULT,"Body Part, Organ, or Organ Component"
665,C0022646,Kidney,UWDA,"Body Part, Organ, or Organ Component"
666,C0022646,kidney,AOD,"Body Part, Organ, or Organ Component"
667,C0022646,kidney,CSP,"Body Part, Organ, or Organ Component"
668,C0022646,KIDNEY,CCPSS,"Body Part, Organ, or Organ Component"
669,C0022646,Kidney,FMA,"Body Part, Organ, or Organ Component"
670,C0022646,Kidney,ICF,"Body Part, Organ, or Organ Component"
671,C0022646,Kidney,LNC,"Body Part, Organ, or Organ Component"
672,C0022646,kidney,CHV,"Body Part, Organ, or Organ Component"
673,C0227665,kidney,CHV,"Body Part, Organ, or Organ Component"
677,C0022646,Kidney,SNOMEDCT_US,"Body Part, Organ, or Organ Component"
678,C4554465,kidney,MEDCIN,Diagnostic Procedure
681,C0022646,Kidney,NCI,"Body Part, Organ, or Organ Component"
682,C0022646,Kidney,HL7V2.5,"Body Part, Organ, or Organ Component"
688,C0009368,Colon,MSH,"Body Part, Organ, or Organ Component"
689,C0009368,Colon,MTHMST,"Body Part, Organ, or Organ Component"
690,C0009368,Colon,RCD,"Body Part, Organ, or Organ Component"
691,C0009368,Colon,SNM,"Body Part, Organ, or Organ Component"
693,C0009368,Colon,UWDA,"Body Part, Organ, or Organ Component"
694,C0009368,colon,AOD,"Body Part, Organ, or Organ Component"
695,C0009368,colon,CSP,"Body Part, Organ, or Organ Component"
696,C0009368,COLON,SNMI,"Body Part, Organ, or Organ Component"
697,C0009368,Colon,FMA,"Body Part, Organ, or Organ Component"
698,C2684091,COLON,VANDF,Medical Device
699,C0009368,Colon,LNC,"Body Part, Organ, or Organ Component"
701,C0009368,colon,CHV,"Body Part, Organ, or Organ Component"
703,C3888384,Colon,NCBI,Eukaryote
705,C0009368,Colon,SNOMEDCT_US,"Body Part, Organ, or Organ Component"
707,C4071907,Colon,LNC,"Body Part, Organ, or Organ Component"
709,C0009368,Colon,NCI,"Body Part, Organ, or Organ Component"
710,C0009368,Colon,HL7V2.5,"Body Part, Organ, or Organ Component"
711,C0242692,Skeletal muscle,RCD,Tissue
712,C0242692,Skeletal muscle,SNM,Tissue
713,C0242692,Skeletal muscle,UWDA,Tissue
714,C0242692,skeletal muscle,AOD,Tissue
715,C0242692,skeletal muscle,CSP,Tissue
716,C0242692,skeletal muscle,CHV,Tissue
717,C0242692,Skeletal Muscle,MSH,Tissue
718,C0242692,Skeletal muscle,LNC,Tissue
719,C0242692,Skeletal muscle,SNOMEDCT_US,Tissue
720,C0242692,Skeletal muscle,FMA,Tissue
721,C0242692,Skeletal Muscle,NCI,Tissue
722,C0242692,Skeletal Muscle,HL7V2.5,Tissue
723,C1546780,Skeletal muscle,HL7V2.5,Intellectual Product
724,C1550659,Skeletal muscle,HL7V3.0,Body Substance
725,C0027651,Tumor,MTHMST,Neoplastic Process
726,C0027651,Tumor,RCDAE,Neoplastic Process
727,C0027651,Tumor,SNM,Neoplastic Process
728,C0027651,TUMOR,CCPSS,Neoplastic Process
729,C0027651,TUMOR,COSTAR,Neoplastic Process
730,C0027651,tumor,AOD,Neoplastic Process
731,C0027651,tumor,CSP,Neoplastic Process
732,C0027651,Tumor,LNC,Neoplastic Process
733,C0027651,tumor,CHV,Neoplastic Process
734,C3273930,Tumor,NCI,Finding
735,C0027651,Tumor,MEDLINEPLUS,Neoplastic Process
739,C0027651,Tumor,NANDA-I,Neoplastic Process
741,C0027651,Tumor,HPO,Neoplastic Process
742,C0027651,Tumor,SNOMEDCT_US,Neoplastic Process
743,C0027651,Tumor,MDR,Neoplastic Process
745,C0027651,Tumor,MSH,Neoplastic Process
746,C1578706,Tumor,HL7V2.5,Intellectual Product
747,C0022131,Endocrine pancreas,SNM,"Body Part, Organ, or Organ Component"
748,C0022131,Endocrine pancreas,SNMI,"Body Part, Organ, or Organ Component"
749,C0022131,Endocrine pancreas,UWDA,"Body Part, Organ, or Organ Component"
750,C0022131,ENDOCRINE PANCREAS,SNMI,"Body Part, Organ, or Organ Component"
751,C0022131,Endocrine Pancreas,MSH,"Body Part, Organ, or Organ Component"
752,C0022131,Endocrine Pancreas,SNM,"Body Part, Organ, or Organ Component"
753,C0022131,endocrine pancreas,AOD,"Body Part, Organ, or Organ Component"
754,C0022131,endocrine pancreas,CHV,"Body Part, Organ, or Organ Component"
755,C0022131,Endocrine Pancreas,NCI,"Body Part, Organ, or Organ Component"
756,C0022131,Endocrine pancreas,FMA,"Body Part, Organ, or Organ Component"
757,C0022131,Endocrine pancreas,SNOMEDCT_US,"Body Part, Organ, or Organ Component"
758,C0521428,Adrenal,CST,Finding
759,C0521428,Adrenal,SNMI,Finding
760,C0521428,Adrenal,LNC,Finding
761,C0521428,adrenal,CHV,Finding
763,C0521428,Adrenal,MTH,Finding
764,C0001625,Adrenal,HL7V2.5,"Body Part, Organ, or Organ Component"
780,C0000726,Abdomen,CST,Body Location or Region
781,C0000726,Abdomen,LCH,Body Location or Region
782,C0000726,Abdomen,MSH,Body Location or Region
783,C0000726,Abdomen,MTH,Body Location or Region
784,C0000726,Abdomen,RCD,Body Location or Region
785,C0000726,Abdomen,SNM,Body Location or Region
786,C0000726,Abdomen,UWDA,Body Location or Region
787,C0000726,abdomen,AOD,Body Location or Region
788,C0000726,abdomen,CSP,Body Location or Region
789,C0000726,ABDOMEN,SNMI,Body Location or Region
790,C0000726,ABDOMEN,OMIM,Body Location or Region
791,C0000726,Abdomen,FMA,Body Location or Region
792,C0000726,Abdomen,LNC,Body Location or Region
793,C0000726,abdomen,CHV,Body Location or Region
795,C0000726,Abdomen,LCH_NW,Body Location or Region
797,C0230168,Abdomen,NCI,Body Location or Region
799,C0000726,Abdomen,SNOMEDCT_US,Body Location or Region
801,C0000726,Abdomen,PSY,Body Location or Region
802,C0000726,Abdomen,HL7V2.5,Body Location or Region
803,C0446516,Arm,LCH,"Body Part, Organ, or Organ Component"
804,C0446516,Arm,MSH,"Body Part, Organ, or Organ Component"
805,C0446516,Arm,MTH,"Body Part, Organ, or Organ Component"
806,C1269078,Arm,RCD,"Body Part, Organ, or Organ Component"
807,C0446516,Arm,RCD,"Body Part, Organ, or Organ Component"
808,C1140618,Arm,SNM,"Body Part, Organ, or Organ Component"
809,C0446516,Arm,UWDA,"Body Part, Organ, or Organ Component"
810,C0446516,arm,AOD,"Body Part, Organ, or Organ Component"
811,C1140618,arm,CSP,"Body Part, Organ, or Organ Component"
812,C0446516,Arm,FMA,"Body Part, Organ, or Organ Component"
813,C0446516,arm,CHV,"Body Part, Organ, or Organ Component"
814,C1824218,ARM,HGNC,Gene or Genome
815,C0446516,Arm,LCH_NW,"Body Part, Organ, or Organ Component"
816,C3715044,ARM,NCI,Gene or Genome
817,C4761640,ARM,NCI,Diagnostic Procedure
818,C5400986,Arm,NCI,Research Activity
819,C3495676,ARM,ORPHANET,Anatomical Abnormality
820,C0446516,Arm,LNC,"Body Part, Organ, or Organ Component"
824,C0446516,Arm,NCI,"Body Part, Organ, or Organ Component"
825,C1522541,Arm,NCI,Therapeutic or Preventive Procedure
826,C0446516,Arm,HL7V2.5,"Body Part, Organ, or Organ Component"
827,C1140618,Arm,SNOMEDCT_US,"Body Part, Organ, or Organ Component"
828,C0016976,Gallbladder,LCH,"Body Part, Organ, or Organ Component"
829,C0016976,Gallbladder,MSH,"Body Part, Organ, or Organ Component"
830,C0016976,Gallbladder,MTH,"Body Part, Organ, or Organ Component"
831,C0016976,Gallbladder,MTHMST,"Body Part, Organ, or Organ Component"
832,C0016976,Gallbladder,RCD,"Body Part, Organ, or Organ Component"
833,C0016976,Gallbladder,SNM,"Body Part, Organ, or Organ Component"
835,C0016976,Gallbladder,UWDA,"Body Part, Organ, or Organ Component"
836,C0016976,GALLBLADDER,CCPSS,"Body Part, Organ, or Organ Component"
837,C0016976,GALLBLADDER,SNMI,"Body Part, Organ, or Organ Component"
838,C0016976,gallbladder,AOD,"Body Part, Organ, or Organ Component"
839,C0016976,gallbladder,CSP,"Body Part, Organ, or Organ Component"
840,C2032932,gallbladder,MEDCIN,Health Care Activity
841,C0016976,Gallbladder,FMA,"Body Part, Organ, or Organ Component"
842,C0016976,Gallbladder,LNC,"Body Part, Organ, or Organ Component"
843,C0016976,gallbladder,CHV,"Body Part, Organ, or Organ Component"
844,C0016976,Gallbladder,LCH_NW,"Body Part, Organ, or Organ Component"
846,C0016976,Gallbladder,SNOMEDCT_US,"Body Part, Organ, or Organ Component"
847,C4071903,Gallbladder,LNC,"Body Part, Organ, or Organ Component"
850,C0016976,Gallbladder,NCI,"Body Part, Organ, or Organ Component"
851,C1524055,Gallbladder,NCI,Tissue
852,C1123023,Skin,LCH,Body System
853,C1123023,Skin,MSH,Body System
854,C1123023,Skin,MTH,Body System
856,C1123023,Skin,RCD,Body System
857,C1123023,Skin,SNM,Body System
858,C1123023,Skin,UWDA,Body System
859,C1123023,skin,AOD,Body System
860,C1123023,skin,CSP,Body System
861,C1123023,SKIN,CCPSS,Body System
862,C1123023,SKIN,ICPC,Body System
863,C1123023,SKIN,SNMI,Body System
864,C4520765,Skin,OMIM,Body System
865,C1123023,Skin,OMS,Body System
866,C1123023,Skin,FMA,Body System
867,C1123023,Skin,LNC,Body System
868,C1123023,skin,CHV,Body System
871,C1123023,Skin,LCH_NW,Body System
873,C1123023,Skin,SNOMEDCT_US,Body System
876,C4520765,Skin,NCI,Body System
877,C1546781,Skin,HL7V2.5,Intellectual Product
878,C0444099,Skin,HL7V3.0,Body Substance
879,C0006497,Buttock,MSH,Body Location or Region
880,C0006497,Buttock,RCD,Body Location or Region
881,C0006497,Buttock,SNM,Body Location or Region
882,C0006497,buttock,AOD,Body Location or Region
883,C0006497,Buttock,FMA,Body Location or Region
884,C0006497,buttock,CHV,Body Location or Region
885,C0006497,Buttock,NCI,Body Location or Region
886,C0006497,buttock,HL7V3.0,Body Location or Region
887,C0006497,Buttock,LNC,Body Location or Region
888,C0006497,Buttock,UWDA,Body Location or Region
889,C0006497,Buttock,SNOMEDCT_US,Body Location or Region
890,C0006497,Buttock,HL7V2.5,Body Location or Region
891,C1140621,Leg,LCH,"Body Part, Organ, or Organ Component"
892,C1140621,Leg,MSH,"Body Part, Organ, or Organ Component"
893,C1140621,Leg,MTH,"Body Part, Organ, or Organ Component"
894,C1140621,Leg,RCD,"Body Part, Organ, or Organ Component"
896,C1140621,Leg,SNM,"Body Part, Organ, or Organ Component"
897,C1140621,Leg,UWDA,"Body Part, Organ, or Organ Component"
898,C1140621,leg,AOD,"Body Part, Organ, or Organ Component"
899,C1140621,leg,CSP,"Body Part, Organ, or Organ Component"
900,C1140621,Leg,FMA,"Body Part, Organ, or Organ Component"
901,C1140621,Leg,LNC,"Body Part, Organ, or Organ Component"
902,C1140621,leg,CHV,"Body Part, Organ, or Organ Component"
904,C1140621,Leg,LCH_NW,"Body Part, Organ, or Organ Component"
907,C1140621,Leg,NCI,"Body Part, Organ, or Organ Component"
908,C1140621,Leg,HL7V2.5,"Body Part, Organ, or Organ Component"
909,C0023216,Leg,SNOMEDCT_US,"Body Part, Organ, or Organ Component"
910,C0004600,Back,CST,Body Location or Region
911,C0004600,Back,LCH,Body Location or Region
912,C0004600,Back,MSH,Body Location or Region
913,C0004600,Back,MTH,Body Location or Region
915,C0004600,Back,RCD,Body Location or Region
916,C0004600,Back,SNM,Body Location or Region
917,C0460009,Back,UWDA,Body Location or Region
918,C0004600,back,CSP,Body Location or Region
919,C0004600,BACK,CCPSS,Body Location or Region
920,C0004600,BACK,SNMI,Body Location or Region
921,C0004600,Back,LNC,Body Location or Region
922,C0004600,back,CHV,Body Location or Region
924,C0004600,Back,LCH_NW,Body Location or Region
926,C1995000,Back,SNOMEDCT_US,Body Location or Region
927,C0004600,Back,FMA,Body Location or Region
929,C0205095,Back,NCI,Spatial Concept
930,C0004600,Back,HL7V2.5,Body Location or Region
957,C0225828,cardiomyocytes,CHV,Cell
958,C0225828,Cardiomyocytes,MSH,Cell
959,C0029939,Ovary,ICD10AM,"Body Part, Organ, or Organ Component"
960,C0029939,Ovary,MSH,"Body Part, Organ, or Organ Component"
961,C0029939,Ovary,MTH,"Body Part, Organ, or Organ Component"
962,C0029939,Ovary,RCD,"Body Part, Organ, or Organ Component"
963,C0029939,Ovary,SNM,"Body Part, Organ, or Organ Component"
965,C0029939,Ovary,UWDA,"Body Part, Organ, or Organ Component"
966,C0029939,ovary,AOD,"Body Part, Organ, or Organ Component"
967,C0029939,ovary,CSP,"Body Part, Organ, or Organ Component"
968,C0029939,Ovary,FMA,"Body Part, Organ, or Organ Component"
969,C0029939,Ovary,LNC,"Body Part, Organ, or Organ Component"
971,C0029939,ovary,CHV,"Body Part, Organ, or Organ Component"
972,C0227898,ovary,CHV,"Body Part, Organ, or Organ Component"
975,C0029939,Ovary,SNOMEDCT_US,"Body Part, Organ, or Organ Component"
977,C4266530,Ovary,LNC,"Body Part, Organ, or Organ Component"
979,C0029939,Ovary,NCI,"Body Part, Organ, or Organ Component"
980,C0029939,Ovary,HL7V2.5,"Body Part, Organ, or Organ Component"
981,C0242691,Gastrocnemius,RCD,"Body Part, Organ, or Organ Component"
982,C0242691,Gastrocnemius,UWDA,"Body Part, Organ, or Organ Component"
983,C0242691,Gastrocnemius,FMA,"Body Part, Organ, or Organ Component"
984,C0242691,gastrocnemius,CHV,"Body Part, Organ, or Organ Component"
985,C2717959,IPS Cells,MSH,Cell
986,C0039194,T Cells,MSH,Cell
987,C1167909,T cells,MEDCIN,Laboratory Procedure
988,C0039194,t cells,CHV,Cell
989,C0039194,T cells,CPT,Cell
990,C0039194,T cells,LCH_NW,Cell
991,C0039194,T cells,LNC,Cell
994,C0039194,T Cells,NCI,Cell
995,C1704817,HEK,NCI,Gene or Genome
996,C0812263,HEK,OMIM,Gene or Genome
997,C0812263,HEK,HGNC,Gene or Genome
998,C1452792,HEK,NCI,"Amino Acid, Peptide, or Protein"
999,C1452792,HEK,NCI,Enzyme
1000,C1452792,HEK,NCI,Receptor
1001,C0041637,Umbilical vein,RCD,Embryonic Structure
1002,C0041637,Umbilical vein,SNM,Embryonic Structure
1003,C0041637,Umbilical vein,SNMI,Embryonic Structure
1004,C0041637,Umbilical Vein,MSH,Embryonic Structure
1005,C0041637,Umbilical vein,SNOMEDCT_US,Embryonic Structure
1006,C0041637,Umbilical vein,FMA,Embryonic Structure
1007,C0041637,Umbilical vein,LNC,Embryonic Structure
1008,C0041637,umbilical vein,CHV,Embryonic Structure
1012,C0041637,Umbilical Vein,NCI,Embryonic Structure
1013,C0041637,Umbilical vein,MTH,Embryonic Structure
1014,C0682708,white matter,AOD,Tissue
1015,C0682708,White matter,FMA,Tissue
1016,C0682708,white matter,CHV,Tissue
1017,C0682708,White matter,MTH,Tissue
1018,C0682708,white matter,NEU,Tissue
1019,C0682708,White Matter,MSH,Tissue
1020,C0682708,white matter,CSP,Tissue
1021,C0682708,White Matter,NCI,Tissue
1072,C0279661,Pancreatic Acinar Cell Carcinoma,PDQ,Neoplastic Process
1073,C0279661,Pancreatic acinar cell carcinoma,SNOMEDCT_US,Neoplastic Process
1074,C0279661,Pancreatic acinar cell carcinoma,ORPHANET,Neoplastic Process
1075,C0279661,Pancreatic Acinar Cell Carcinoma,NCI,Neoplastic Process
1076,C1335299,Pancreatic Adenosquamous Carcinoma,NCI,Neoplastic Process
1077,C0014180,Endometrium,LCH,"Body Part, Organ, or Organ Component"
1078,C0014180,Endometrium,MSH,"Body Part, Organ, or Organ Component"
1079,C0014180,Endometrium,MTH,"Body Part, Organ, or Organ Component"
1080,C0014180,Endometrium,RCD,"Body Part, Organ, or Organ Component"
1081,C0014180,Endometrium,SNM,"Body Part, Organ, or Organ Component"
1083,C0014180,Endometrium,ULT,"Body Part, Organ, or Organ Component"
1084,C0014180,Endometrium,UWDA,"Body Part, Organ, or Organ Component"
1085,C0014180,endometrium,AOD,"Body Part, Organ, or Organ Component"
1086,C0014180,endometrium,CSP,"Body Part, Organ, or Organ Component"
1087,C0014180,ENDOMETRIUM,SNMI,"Body Part, Organ, or Organ Component"
1088,C0014180,Endometrium,FMA,"Body Part, Organ, or Organ Component"
1089,C0014180,Endometrium,LNC,"Body Part, Organ, or Organ Component"
1090,C0014180,endometrium,CHV,"Body Part, Organ, or Organ Component"
1092,C0014180,Endometrium,LCH_NW,"Body Part, Organ, or Organ Component"
1093,C0014180,Endometrium,SNOMEDCT_US,"Body Part, Organ, or Organ Component"
1096,C0014180,Endometrium,NCI,"Body Part, Organ, or Organ Component"
1097,C1550633,Endometrium,HL7V3.0,Body Substance
1098,C0014180,Endometrium,HL7V2.5,"Body Part, Organ, or Organ Component"
1099,C1546618,Endometrium,HL7V2.5,Intellectual Product
1100,C1832020,MCC,PDQ,Pharmacologic Substance
1101,C0162804,MCC,OMIM,Gene or Genome
1102,C2247023,MCC,GO,Cell Component
1103,C0007129,mcc,CHV,Neoplastic Process
1104,C0162804,MCC,HGNC,Gene or Genome
1105,C1832020,MCC,DRUGBANK,Pharmacologic Substance
1106,C0026687,MCC,GO,Clinical Attribute
1107,C0007129,MCC,ORPHANET,Neoplastic Process
1108,C0007129,MCC,PDQ,Neoplastic Process
1109,C1447119,MCC,NCI,"Amino Acid, Peptide, or Protein"
1110,C1447119,MCC,NCI,Biologically Active Substance
1111,C0162804,MCC,NCI,Gene or Genome
1112,C4243025,Fetal forebrain,FMA,Embryonic Structure
1135,C0206187,Extrahepatic bile duct,SNM,"Body Part, Organ, or Organ Component"
1136,C0206187,Extrahepatic bile duct,UWDA,"Body Part, Organ, or Organ Component"
1137,C0206187,Extrahepatic Bile Duct,MSH,"Body Part, Organ, or Organ Component"
1138,C0206187,Extrahepatic Bile Duct,SNM,"Body Part, Organ, or Organ Component"
1139,C0206187,Extrahepatic bile duct,FMA,"Body Part, Organ, or Organ Component"
1140,C0206187,extrahepatic bile duct,CHV,"Body Part, Organ, or Organ Component"
1141,C0206187,Extrahepatic bile duct,SNOMEDCT_US,"Body Part, Organ, or Organ Component"
1142,C0206187,Extrahepatic Bile Duct,NCI,"Body Part, Organ, or Organ Component"
1143,C0229601,Hematopoietic,SNMI,Functional Concept
1144,C0229601,hematopoietic,CHV,Functional Concept
1145,C0229601,Hematopoietic,NCI,Functional Concept
1146,C0229601,Hematopoietic,MTH,Functional Concept
1147,C0034169,Putamen,MSH,"Body Part, Organ, or Organ Component"
1148,C0034169,Putamen,RCD,"Body Part, Organ, or Organ Component"
1149,C0034169,Putamen,SNM,"Body Part, Organ, or Organ Component"
1150,C0034169,Putamen,SNMI,"Body Part, Organ, or Organ Component"
1151,C0034169,putamen,AOD,"Body Part, Organ, or Organ Component"
1152,C0034169,putamen,CSP,"Body Part, Organ, or Organ Component"
1153,C0034169,Putamen,FMA,"Body Part, Organ, or Organ Component"
1154,C0034169,putamen,CHV,"Body Part, Organ, or Organ Component"
1155,C0034169,putamen,NEU,"Body Part, Organ, or Organ Component"
1156,C0034169,Putamen,NEU,"Body Part, Organ, or Organ Component"
1157,C0034169,Putamen,SNOMEDCT_US,"Body Part, Organ, or Organ Component"
1158,C0034169,Putamen,PSY,"Body Part, Organ, or Organ Component"
1159,C0034169,Putamen,NCI,"Body Part, Organ, or Organ Component"
1160,C1449562,Primary Cell Culture,MSH,Laboratory Procedure
1161,C1449562,Primary Cell Culture,NCI,Laboratory Procedure
1162,C1801960,Vascular,SNMI,Qualitative Concept
1163,C1801960,Vascular,OMIM,Qualitative Concept
1164,C1801960,Vascular,MTH,Qualitative Concept
1165,C1801960,vascular,CSP,Qualitative Concept
1166,C0005847,vascular,CHV,"Body Part, Organ, or Organ Component"
1167,C0005847,Vascular,SNOMEDCT_VET,"Body Part, Organ, or Organ Component"
1168,C1801960,Vascular,NCI,Qualitative Concept
1169,C0162371,umbilical cord blood,CSP,Body Substance
1170,C0162371,umbilical cord blood,CHV,Body Substance
1171,C0162371,Umbilical Cord Blood,MSH,Body Substance
1172,C0162371,Umbilical Cord Blood,NCI,Body Substance
1173,C0162371,Umbilical Cord Blood,MTH,Body Substance
1174,C1521713,Mouse Brain,NCI,Tissue
1175,C1428884,ln,HGNC,Gene or Genome
1176,C3714709,LN,GO,Cell Function
1177,C0861352,LN,PDQ,Neoplastic Process
1178,C1705372,BA46,NCI,Gene or Genome
1179,C1334502,BA46,HGNC,Gene or Genome
1180,C2331826,BA46,FMA,Body Location or Region
1181,C4019080,DLPFC,FMA,"Body Part, Organ, or Organ Component"
1182,C4019080,DLPFC,MSH,"Body Part, Organ, or Organ Component"
1183,C2328758,BA11,FMA,Body Location or Region
1184,C2336225,BA9,FMA,Body Location or Region
1185,C1563740,Visceral Adipose Tissue,MSH,Tissue
1186,C0008340,Choledochal Cyst,MSH,Congenital Abnormality
1187,C0008340,Choledochal cyst,ICD10,Congenital Abnormality
1188,C0008340,Choledochal cyst,ICD10AM,Congenital Abnormality
1189,C0008340,Choledochal cyst,MTHMST,Congenital Abnormality
1190,C0008340,Choledochal cyst,RCD,Congenital Abnormality
1191,C0008340,choledochal cyst,MEDCIN,Congenital Abnormality
1192,C0008340,Choledochal cyst,ICD10CM,Congenital Abnormality
1193,C0008340,choledochal cyst,CHV,Congenital Abnormality
1194,C0008340,Choledochal cyst,HPO,Congenital Abnormality
1195,C0008340,Choledochal Cyst,MTH,Congenital Abnormality
1196,C0008340,Choledochal cyst,MDR,Congenital Abnormality
1197,C0008340,Choledochal cyst,OMIM,Congenital Abnormality
1198,C0008340,Choledochal cyst,ORPHANET,Congenital Abnormality
1199,C0008340,Choledochal cyst,SNOMEDCT_US,Congenital Abnormality
1200,C0008340,Choledochal Cyst,NCI,Congenital Abnormality
1201,C0005411,Biliary Atresia,COSTAR,Congenital Abnormality
1202,C0005411,Biliary Atresia,MSH,Congenital Abnormality
1203,C0005411,BILIARY ATRESIA,CCPSS,Congenital Abnormality
1204,C0005411,BILIARY ATRESIA,CST,Congenital Abnormality
1205,C0005411,BILIARY ATRESIA,WHO,Congenital Abnormality
1206,C0005411,Biliary atresia,LCH,Congenital Abnormality
1207,C0005411,Biliary atresia,RCD,Congenital Abnormality
1208,C0005411,Biliary atresia,SNMI,Congenital Abnormality
1209,C0005411,biliary atresia,CSP,Congenital Abnormality
1210,C0005411,Biliary atresia,OMIM,Congenital Abnormality
1211,C0005411,biliary atresia,MEDCIN,Congenital Abnormality
1212,C0005411,Biliary Atresia,MTH,Congenital Abnormality
1213,C0005411,biliary atresia,CHV,Congenital Abnormality
1214,C0005411,Biliary atresia,ICD9CM,Congenital Abnormality
1215,C0005411,Biliary atresia,LCH_NW,Congenital Abnormality
1216,C0005411,Biliary atresia,HPO,Congenital Abnormality
1217,C0005411,Biliary atresia,MDR,Congenital Abnormality
1218,C0005411,Biliary atresia,SNOMEDCT_US,Congenital Abnormality
1219,C0005411,Biliary Atresia,NCI,Congenital Abnormality
1220,C0005411,biliary atresia,ICPC2P,Congenital Abnormality
1221,C3714794,Dura,NCBI,Eukaryote
1222,C0013313,Dura,NCI,"Body Part, Organ, or Organ Component"
1223,C0013313,Dura,HL7V2.5,"Body Part, Organ, or Organ Component"
1224,C1266913,bone flap,CHV,Tissue
1225,C1266913,Bone flap,SNOMEDCT_US,Tissue
1226,C1266913,Bone flap,MTH,Tissue
1227,C0035298,Retina,LCH,"Body Part, Organ, or Organ Component"
1228,C0035298,Retina,MSH,"Body Part, Organ, or Organ Component"
1229,C0035298,Retina,MTH,"Body Part, Organ, or Organ Component"
1230,C0035298,Retina,RCD,"Body Part, Organ, or Organ Component"
1231,C0035298,Retina,SNM,"Body Part, Organ, or Organ Component"
1232,C0035298,Retina,UWDA,"Body Part, Organ, or Organ Component"
1233,C0035298,retina,AOD,"Body Part, Organ, or Organ Component"
1234,C0035298,retina,CSP,"Body Part, Organ, or Organ Component"
1235,C0035298,Retina,FMA,"Body Part, Organ, or Organ Component"
1236,C0035298,Retina,ICF,"Body Part, Organ, or Organ Component"
1237,C0035298,Retina,ICF-CY,"Body Part, Organ, or Organ Component"
1238,C0035298,Retina,LNC,"Body Part, Organ, or Organ Component"
1239,C0035298,retina,CHV,"Body Part, Organ, or Organ Component"
1240,C0035298,retina,NEU,"Body Part, Organ, or Organ Component"
1242,C0035298,Retina,LCH_NW,"Body Part, Organ, or Organ Component"
1243,C0035298,Retina,SNOMEDCT_US,"Body Part, Organ, or Organ Component"
1245,C0035298,Retina,PSY,"Body Part, Organ, or Organ Component"
1246,C0035298,Retina,NCI,"Body Part, Organ, or Organ Component"
1247,C0868971,Embryo,RCD,Embryonic Structure
1248,C0013935,Embryo,SNM,Embryonic Structure
1249,C0013935,embryo,AOD,Embryonic Structure
1250,C0013935,Embryo,MSH,Embryonic Structure
1251,C0013935,embryo,CHV,Embryonic Structure
1252,C0013935,Embryo,FMA,Embryonic Structure
1253,C0013935,Embryo,LNC,Embryonic Structure
1255,C0013935,Embryo,MTH,Embryonic Structure
1256,C0013935,Embryo,PSY,Embryonic Structure
1257,C0868971,Embryo,NCI,Embryonic Structure
1258,C0018670,Head,CST,Body Location or Region
1259,C0018670,Head,LCH,Body Location or Region
1260,C0018670,Head,MSH,Body Location or Region
1261,C0018670,Head,MTH,Body Location or Region
1263,C0018670,Head,RCD,Body Location or Region
1264,C0018670,Head,SNM,Body Location or Region
1265,C0018670,Head,UWDA,Body Location or Region
1266,C0018670,head,AOD,Body Location or Region
1267,C0018670,head,CSP,Body Location or Region
1268,C0018670,HEAD,SNMI,Body Location or Region
1269,C0018670,Head,OMIM,Body Location or Region
1270,C0018670,Head,FMA,Body Location or Region
1271,C0018670,Head,LNC,Body Location or Region
1272,C0018670,head,CHV,Body Location or Region
1273,C0152336,head,NEU,"Body Part, Organ, or Organ Component"
1274,C1706305,Head,NCI,Manufactured Object
1276,C0018670,Head,LCH_NW,Body Location or Region
1279,C0018670,Head,SNOMEDCT_US,Body Location or Region
1281,C0018670,Head,NCI,Body Location or Region
1282,C0018670,Head,HL7V2.5,Body Location or Region
1283,C0440746,Brain tissue,RCD,Tissue
1284,C0440746,brain tissue,CHV,Tissue
1285,C0440746,Brain tissue,SNOMEDCT_US,Tissue
1324,C0007272,Carotid artery,LCH,"Body Part, Organ, or Organ Component"
1325,C1305384,Carotid artery,RCD,"Body Part, Organ, or Organ Component"
1326,C0007272,Carotid artery,SNM,"Body Part, Organ, or Organ Component"
1327,C0162859,Carotid artery,UWDA,"Body Part, Organ, or Organ Component"
1328,C0007272,Carotid Artery,MSH,"Body Part, Organ, or Organ Component"
1329,C0007272,carotid artery,AOD,"Body Part, Organ, or Organ Component"
1330,C0007272,carotid artery,CSP,"Body Part, Organ, or Organ Component"
1331,C0162859,Carotid artery,FMA,"Body Part, Organ, or Organ Component"
1332,C0007272,Carotid artery,LNC,"Body Part, Organ, or Organ Component"
1333,C0162859,carotid artery,CHV,"Body Part, Organ, or Organ Component"
1334,C0007272,carotid artery,CHV,"Body Part, Organ, or Organ Component"
1335,C0007272,Carotid artery,LCH_NW,"Body Part, Organ, or Organ Component"
1337,C0007272,Carotid artery,FMA,"Body Part, Organ, or Organ Component"
1338,C0007272,Carotid artery,SNOMEDCT_US,"Body Part, Organ, or Organ Component"
1341,C4071877,Carotid artery,LNC,"Body Part, Organ, or Organ Component"
1342,C0162859,Carotid Artery,NCI,"Body Part, Organ, or Organ Component"
1343,C0030580,Parotid Gland,MSH,"Body Part, Organ, or Organ Component"
1344,C0030580,Parotid Gland,MTH,"Body Part, Organ, or Organ Component"
1345,C0030580,Parotid gland,RCD,"Body Part, Organ, or Organ Component"
1346,C0030580,Parotid gland,SNM,"Body Part, Organ, or Organ Component"
1347,C0030580,Parotid gland,UWDA,"Body Part, Organ, or Organ Component"
1348,C0030580,parotid gland,AOD,"Body Part, Organ, or Organ Component"
1349,C0030580,parotid gland,CSP,"Body Part, Organ, or Organ Component"
1350,C0030580,Parotid gland,FMA,"Body Part, Organ, or Organ Component"
1351,C0030580,parotid gland,CHV,"Body Part, Organ, or Organ Component"
1352,C0030580,Parotid gland,LNC,"Body Part, Organ, or Organ Component"
1353,C0030580,Parotid gland,SNOMEDCT_US,"Body Part, Organ, or Organ Component"
1355,C0030580,Parotid Gland,NCI,"Body Part, Organ, or Organ Component"
1356,C0836921,Tonsil,MTH,"Body Part, Organ, or Organ Component"
1357,C0040421,Tonsil,RCD,"Body Part, Organ, or Organ Component"
1358,C0040421,Tonsil,SNM,"Body Part, Organ, or Organ Component"
1359,C0836921,Tonsil,UWDA,"Body Part, Organ, or Organ Component"
1360,C0040421,tonsil,CSP,"Body Part, Organ, or Organ Component"
1362,C0836921,Tonsil,FMA,"Body Part, Organ, or Organ Component"
1363,C0040421,TONSIL,CCPSS,"Body Part, Organ, or Organ Component"
1364,C0836921,Tonsil,LNC,"Body Part, Organ, or Organ Component"
1365,C0836921,tonsil,CHV,"Body Part, Organ, or Organ Component"
1366,C0040421,tonsil,CHV,"Body Part, Organ, or Organ Component"
1367,C0152386,tonsil,NEU,"Body Part, Organ, or Organ Component"
1369,C0040421,Tonsil,MSH,"Body Part, Organ, or Organ Component"
1370,C0040421,Tonsil,SNOMEDCT_US,"Body Part, Organ, or Organ Component"
1372,C0836921,Tonsil,NCI,"Body Part, Organ, or Organ Component"
1373,C0836921,Tonsil,HL7V2.5,"Body Part, Organ, or Organ Component"
1374,C0153436,sigmoid cancer,CHV,Neoplastic Process
1375,C0153436,Sigmoid Cancer,MSH,Neoplastic Process
1376,C0007113,rectal cancer,BI,Neoplastic Process
1377,C0007113,Rectal cancer,RCD,Neoplastic Process
1378,C0007113,rectal cancer,CHV,Neoplastic Process
1379,C0949022,rectal cancer,MEDCIN,Neoplastic Process
1380,C0007113,Rectal cancer,MEDLINEPLUS,Neoplastic Process
1381,C0007113,Rectal Cancer,MEDLINEPLUS,Neoplastic Process
1382,C0007113,Rectal cancer,MDR,Neoplastic Process
1383,C0007113,Rectal Cancer,MSH,Neoplastic Process
1385,C0007113,Rectal cancer,SNOMEDCT_US,Neoplastic Process
1386,C0007113,rectal cancer,PDQ,Neoplastic Process
1387,C0007113,Rectal cancer,PDQ,Neoplastic Process
1388,C0007113,Rectal Cancer,NCI,Neoplastic Process
1410,C1185714,Nucleus pulposus,FMA,"Body Part, Organ, or Organ Component"
1411,C1185714,nucleus pulposus,CHV,"Body Part, Organ, or Organ Component"
1412,C1185714,Nucleus pulposus,UWDA,"Body Part, Organ, or Organ Component"
1413,C1185714,Nucleus Pulposus,MSH,"Body Part, Organ, or Organ Component"
1414,C0223087,Annulus Fibrosus,MSH,"Body Part, Organ, or Organ Component"
1415,C0006142,breast cancer,AOD,Neoplastic Process
1416,C0006142,breast cancer,BI,Neoplastic Process
1417,C0006142,Breast cancer,RCD,Neoplastic Process
1418,C0006142,Breast cancer,OMIM,Neoplastic Process
1419,C0006142,BREAST CANCER,OMIM,Neoplastic Process
1420,C0006142,breast cancer,MEDCIN,Neoplastic Process
1422,C0006142,BREAST CANCER,CCPSS,Neoplastic Process
1423,C0006142,breast cancer,CHV,Neoplastic Process
1424,C0678222,breast cancer,CHV,Neoplastic Process
1425,C0006142,Breast Cancer,MEDLINEPLUS,Neoplastic Process
1426,C0006142,Breast cancer,LNC,Neoplastic Process
1427,C0678222,Breast cancer,HPO,Neoplastic Process
1428,C0006142,Breast cancer,MDR,Neoplastic Process
1430,C0006142,Breast cancer,SNOMEDCT_US,Neoplastic Process
1431,C0006142,breast cancer,PDQ,Neoplastic Process
1432,C0006142,breast cancer,CSP,Neoplastic Process
1433,C0678222,Breast Cancer,NCI,Neoplastic Process
1434,C0006142,Breast Cancer,MSH,Neoplastic Process
1435,C1415932,AGM,OMIM,Gene or Genome
1436,C2346451,AGM,NCI,Gene or Genome
1437,C0226964,papilla,CSP,"Body Part, Organ, or Organ Component"
1438,C0227296,papilla,CHV,"Body Part, Organ, or Organ Component"
1439,C0226964,papilla,CHV,"Body Part, Organ, or Organ Component"
1440,C3714556,Papilla,MTHMST,"Body Part, Organ, or Organ Component"
1441,C3714556,Papilla,NCI,"Body Part, Organ, or Organ Component"
1442,C3714556,Papilla,MTH,"Body Part, Organ, or Organ Component"
1443,C3714556,Papilla,LNC,"Body Part, Organ, or Organ Component"
1444,C0005684,bladder cancer,BI,Neoplastic Process
1445,C0005684,Bladder cancer,RCD,Neoplastic Process
1446,C0005684,BLADDER CANCER,OMIM,Neoplastic Process
1447,C0005684,bladder cancer,MEDCIN,Neoplastic Process
1448,C0005684,BLADDER CANCER,CCPSS,Neoplastic Process
1450,C0005684,bladder cancer,CHV,Neoplastic Process
1451,C0005684,Bladder Cancer,MEDLINEPLUS,Neoplastic Process
1452,C0005684,Bladder cancer,MDR,Neoplastic Process
1453,C0005684,Bladder Cancer,MSH,Neoplastic Process
1454,C0005684,Bladder cancer,OMIM,Neoplastic Process
1455,C0005695,Bladder cancer,HPO,Neoplastic Process
1457,C0005684,Bladder cancer,SNOMEDCT_US,Neoplastic Process
1458,C0005684,bladder cancer,PDQ,Neoplastic Process
1459,C0005684,Bladder cancer,PDQ,Neoplastic Process
1460,C0005684,bladder cancer,CSP,Neoplastic Process
1461,C0699885,Bladder Cancer,NCI,Neoplastic Process
1467,C0038351,Stomach,LCH,"Body Part, Organ, or Organ Component"
1468,C0038351,Stomach,MSH,"Body Part, Organ, or Organ Component"
1469,C0038351,Stomach,MTH,"Body Part, Organ, or Organ Component"
1470,C0038351,Stomach,MTHMST,"Body Part, Organ, or Organ Component"
1471,C0038351,Stomach,RCD,"Body Part, Organ, or Organ Component"
1472,C0038351,Stomach,SNM,"Body Part, Organ, or Organ Component"
1473,C0038351,Stomach,UWDA,"Body Part, Organ, or Organ Component"
1474,C0038351,STOMACH,SNMI,"Body Part, Organ, or Organ Component"
1475,C0038351,stomach,AOD,"Body Part, Organ, or Organ Component"
1476,C0038351,stomach,CSP,"Body Part, Organ, or Organ Component"
1477,C0038351,Stomach,FMA,"Body Part, Organ, or Organ Component"
1478,C0038351,Stomach,LNC,"Body Part, Organ, or Organ Component"
1479,C0038351,stomach,CHV,"Body Part, Organ, or Organ Component"
1481,C0038351,Stomach,LCH_NW,"Body Part, Organ, or Organ Component"
1484,C3714551,Stomach,SNOMEDCT_US,"Body Part, Organ, or Organ Component"
1485,C4266636,Stomach,LNC,"Body Part, Organ, or Organ Component"
1487,C0038351,Stomach,PSY,"Body Part, Organ, or Organ Component"
1488,C0038351,Stomach,NCI,"Body Part, Organ, or Organ Component"
1489,C0038351,Stomach,HL7V2.5,"Body Part, Organ, or Organ Component"
1490,C0037993,Spleen,LCH,"Body Part, Organ, or Organ Component"
1491,C0037993,Spleen,MSH,"Body Part, Organ, or Organ Component"
1492,C0037993,Spleen,MTH,"Body Part, Organ, or Organ Component"
1493,C0037993,Spleen,RCD,"Body Part, Organ, or Organ Component"
1494,C0037993,Spleen,SNM,"Body Part, Organ, or Organ Component"
1496,C0037993,Spleen,UWDA,"Body Part, Organ, or Organ Component"
1497,C0037993,SPLEEN,SNMI,"Body Part, Organ, or Organ Component"
1498,C0037993,spleen,AOD,"Body Part, Organ, or Organ Component"
1499,C0037993,spleen,CSP,"Body Part, Organ, or Organ Component"
1500,C0037993,Spleen,OMIM,"Body Part, Organ, or Organ Component"
1501,C0037993,Spleen,FMA,"Body Part, Organ, or Organ Component"
1502,C0037993,Spleen,ICF,"Body Part, Organ, or Organ Component"
1503,C0037993,Spleen,ICF-CY,"Body Part, Organ, or Organ Component"
1504,C0037993,Spleen,LNC,"Body Part, Organ, or Organ Component"
1505,C0037993,spleen,CHV,"Body Part, Organ, or Organ Component"
1507,C0037993,Spleen,LCH_NW,"Body Part, Organ, or Organ Component"
1510,C0037993,Spleen,SNOMEDCT_US,"Body Part, Organ, or Organ Component"
1511,C4037984,Spleen,LNC,"Body Part, Organ, or Organ Component"
1513,C0037993,Spleen,PSY,"Body Part, Organ, or Organ Component"
1514,C0037993,Spleen,NCI,"Body Part, Organ, or Organ Component"
1515,C0037993,Spleen,HL7V2.5,"Body Part, Organ, or Organ Component"
1516,C0024204,Lymph node,RCD,"Body Part, Organ, or Organ Component"
1517,C0024204,Lymph node,SNM,"Body Part, Organ, or Organ Component"
1518,C0024204,Lymph node,UWDA,"Body Part, Organ, or Organ Component"
1519,C0024204,Lymph Node,MSH,"Body Part, Organ, or Organ Component"
1520,C0024204,Lymph Node,SNM,"Body Part, Organ, or Organ Component"
1521,C0024204,lymph node,AOD,"Body Part, Organ, or Organ Component"
1522,C0024204,lymph node,CSP,"Body Part, Organ, or Organ Component"
1523,C0024204,Lymph node,FMA,"Body Part, Organ, or Organ Component"
1524,C0024204,Lymph node,LNC,"Body Part, Organ, or Organ Component"
1525,C0024204,lymph node,CHV,"Body Part, Organ, or Organ Component"
1529,C0024204,Lymph node,SNOMEDCT_US,"Body Part, Organ, or Organ Component"
1533,C0024204,Lymph Node,NCI,"Body Part, Organ, or Organ Component"
1534,C0024204,Lymph Node,HL7V2.5,"Body Part, Organ, or Organ Component"
1535,C0011646,Dermis,LCH,Tissue
1536,C0011646,Dermis,MSH,Tissue
1537,C0011646,Dermis,SNM,Tissue
1538,C0011646,Dermis,SNMI,Tissue
1539,C0011646,dermis,AOD,Tissue
1540,C0011646,Dermis,FMA,Tissue
1541,C0011646,dermis,CHV,Tissue
1542,C0011646,Dermis,LCH_NW,Tissue
1543,C0011646,Dermis,UWDA,Tissue
1544,C0011646,Dermis,LNC,Tissue
1545,C0011646,Dermis,SNOMEDCT_US,Tissue
1546,C0011646,Dermis,MTH,Tissue
1547,C0011646,Dermis,NCI,Tissue
1548,C0162783,Prefrontal Cortex,MSH,"Body Part, Organ, or Organ Component"
1549,C0162783,Prefrontal cortex,FMA,"Body Part, Organ, or Organ Component"
1550,C0162783,prefrontal cortex,CHV,"Body Part, Organ, or Organ Component"
1551,C0162783,prefrontal cortex,CSP,"Body Part, Organ, or Organ Component"
1552,C0162783,prefrontal cortex,NEU,"Body Part, Organ, or Organ Component"
1553,C3496544,prefrontal cortex,NEU,"Body Part, Organ, or Organ Component"
1554,C0162783,Prefrontal Cortex,MTH,"Body Part, Organ, or Organ Component"
1555,C0162783,Prefrontal cortex,LCH_NW,"Body Part, Organ, or Organ Component"
1557,C0162783,Prefrontal Cortex,NCI,"Body Part, Organ, or Organ Component"
1558,C0162783,Prefrontal Cortex,PSY,"Body Part, Organ, or Organ Component"
1559,C0022131,Pancreatic islets,SNM,"Body Part, Organ, or Organ Component"
1560,C0022131,Pancreatic islets,SNMI,"Body Part, Organ, or Organ Component"
1561,C0022131,pancreatic islets,AOD,"Body Part, Organ, or Organ Component"
1562,C0022131,Pancreatic islets,FMA,"Body Part, Organ, or Organ Component"
1563,C0022131,pancreatic islets,CHV,"Body Part, Organ, or Organ Component"
1564,C0022131,Pancreatic islets,UWDA,"Body Part, Organ, or Organ Component"
1565,C0022131,Pancreatic Islets,MSH,"Body Part, Organ, or Organ Component"
1566,C0022131,Pancreatic islets,SNOMEDCT_US,"Body Part, Organ, or Organ Component"
1567,C0022131,Pancreatic Islets,NCI,"Body Part, Organ, or Organ Component"
1568,C0475358,Tumor tissue,RCDAE,Tissue
1569,C0475358,tumor tissue,CHV,Tissue
1570,C0475358,Tumor tissue,SNOMEDCT_US,Tissue
1571,C0475358,Tumor Tissue,NCI,Tissue
1572,C0332441,Normal tissue,SNM,Finding
1573,C0040300,Normal Tissue,NCI,Tissue
1574,C0332441,normal tissue,CHV,Finding
1575,C0332441,Normal tissue,SNOMEDCT_US,Finding
1598,C0032105,Plasma,MSH,Body Substance
1599,C0032105,Plasma,RCD,Body Substance
1600,C0032105,Plasma,SNM,Body Substance
1601,C0032105,Plasma,SNMI,Body Substance
1602,C0032105,plasma,AOD,Body Substance
1603,C0032105,plasma,CSP,Body Substance
1604,C0032105,Plasma,LNC,Body Substance
1605,C0032105,plasma,CHV,Body Substance
1607,C1609077,Plasma,LNC,Body Substance
1608,C0032105,Plasma,UWDA,Body Substance
1609,C0032105,Plasma,FMA,Body Substance
1610,C0032105,Plasma,SNOMEDCT_US,Body Substance
1613,C0032105,Plasma,NCI,Body Substance
1614,C1546740,Plasma,HL7V2.5,Intellectual Product
1615,C1609077,Plasma,HL7V3.0,Body Substance
1616,C0032105,Plasma,MTH,Body Substance
1617,C0039097,Synovial Fluid,MSH,Body Substance
1618,C0039097,Synovial Fluid,SNM,Body Substance
1619,C0039097,Synovial fluid,SNM,Body Substance
1620,C0039097,Synovial fluid,SNMI,Body Substance
1621,C0039097,Synovial fluid,UWDA,Body Substance
1622,C0039097,synovial fluid,AOD,Body Substance
1623,C0039097,synovial fluid,CSP,Body Substance
1624,C0039097,SYNOVIAL FLUID,CCPSS,Body Substance
1625,C0039097,Synovial Fluid,MTH,Body Substance
1626,C0039097,synovial fluid,CHV,Body Substance
1627,C0039097,Synovial fluid,LCH_NW,Body Substance
1628,C0039097,Synovial fluid,LNC,Body Substance
1629,C0039097,Synovial fluid,FMA,Body Substance
1630,C0039097,Synovial fluid,SNOMEDCT_US,Body Substance
1632,C0039097,Synovial Fluid,NCI,Body Substance
1633,C0039097,Synovial Fluid,HL7V2.5,Body Substance
1647,C0447612,Vaginal wall,RCD,"Body Part, Organ, or Organ Component"
1648,C0447612,Vaginal wall,FMA,"Body Part, Organ, or Organ Component"
1649,C0447612,vaginal wall,CHV,"Body Part, Organ, or Organ Component"
1650,C0447612,Vaginal Wall,NCI,"Body Part, Organ, or Organ Component"
1651,C0447612,Vaginal wall,SNOMEDCT_US,"Body Part, Organ, or Organ Component"
1652,C0039538,Teratoma,LCH,Neoplastic Process
1653,C0039538,Teratoma,MSH,Neoplastic Process
1654,C0039538,Teratoma,MTH,Neoplastic Process
1655,C0039538,Teratoma,RCD,Neoplastic Process
1656,C0039538,Teratoma,SNM,Neoplastic Process
1657,C0039538,TERATOMA,CCPSS,Neoplastic Process
1658,C0039538,TERATOMA,CST,Neoplastic Process
1659,C0039538,TERATOMA,WHO,Neoplastic Process
1660,C0039538,teratoma,AOD,Neoplastic Process
1661,C0039538,teratoma,CSP,Neoplastic Process
1662,C0039538,teratoma,CHV,Neoplastic Process
1663,C0039538,Teratoma,LCH_NW,Neoplastic Process
1664,C0039538,Teratoma,HPO,Neoplastic Process
1665,C0039538,Teratoma,MDR,Neoplastic Process
1666,C0039538,Teratoma,SNOMEDCT_US,Neoplastic Process
1668,C0039538,teratoma,PDQ,Neoplastic Process
1669,C0039538,Teratoma,PDQ,Neoplastic Process
1670,C0039538,teratoma,MEDCIN,Neoplastic Process
1672,C0039538,Teratoma,NCI,Neoplastic Process
1673,C0027708,WILMS TUMOR,CCPSS,Neoplastic Process
1674,C0027708,WILMS TUMOR,CST,Neoplastic Process
1675,C0027708,WILMS TUMOR,DXP,Neoplastic Process
1676,C0027708,Wilms tumor,AOD,Neoplastic Process
1677,C0027708,Wilms tumor,OMIM,Neoplastic Process
1678,C0027708,Wilms Tumor,NCI,Neoplastic Process
1679,C0027708,wilms tumor,CHV,Neoplastic Process
1680,C0027708,WILMS TUMOR,OMIM,Neoplastic Process
1682,C0027708,Wilms tumor,HPO,Neoplastic Process
1683,C0027708,Wilms tumor,SNOMEDCT_US,Neoplastic Process
1684,C0027708,Wilms tumor,MDR,Neoplastic Process
1685,C0027708,Wilms Tumor,MEDLINEPLUS,Neoplastic Process
1686,C1333015,Wilms tumor,PDQ,Neoplastic Process
1687,C0027708,Wilms tumor,PDQ,Neoplastic Process
1688,C0027708,Wilms tumor,ORPHANET,Neoplastic Process
1690,C0027708,Wilms Tumor,MSH,Neoplastic Process
1710,C0229667,Venous blood,RCD,Body Substance
1711,C0229667,Venous blood,SNMI,Body Substance
1712,C2338243,Venous blood,FMA,Tissue
1713,C1550615,Venous Blood,NCI,Body Substance
1714,C0229667,venous blood,CHV,Body Substance
1715,C0229667,Venous blood,SNOMEDCT_US,Body Substance
1716,C0014474,Ependymoma,COSTAR,Neoplastic Process
1717,C0014474,Ependymoma,MDR,Neoplastic Process
1718,C0014474,Ependymoma,MSH,Neoplastic Process
1719,C0014474,Ependymoma,RCD,Neoplastic Process
1720,C0014474,Ependymoma,SNM,Neoplastic Process
1721,C0014474,ependymoma,AOD,Neoplastic Process
1722,C0014474,ependymoma,CSP,Neoplastic Process
1723,C0014474,Ependymoma,OMIM,Neoplastic Process
1724,C0014474,Ependymoma,SNOMEDCT_US,Neoplastic Process
1725,C0014474,ependymoma,CHV,Neoplastic Process
1726,C0014474,EPENDYMOMA,OMIM,Neoplastic Process
1727,C0014474,Ependymoma,HPO,Neoplastic Process
1730,C0014474,Ependymoma,ORPHANET,Neoplastic Process
1731,C0014474,Ependymoma,NCI,Neoplastic Process
1732,C0014474,Ependymoma,MTH,Neoplastic Process
1733,C0001074,Achilles Tendon,MSH,"Body Part, Organ, or Organ Component"
1734,C1305378,Achilles tendon,RCD,"Body Part, Organ, or Organ Component"
1735,C0001074,Achilles tendon,SNM,"Body Part, Organ, or Organ Component"
1736,C0001074,Achilles tendon,SNMI,"Body Part, Organ, or Organ Component"
1737,C0001074,Achilles tendon,UWDA,"Body Part, Organ, or Organ Component"
1738,C0001074,Achilles tendon,FMA,"Body Part, Organ, or Organ Component"
1739,C0001074,achilles tendon,CHV,"Body Part, Organ, or Organ Component"
1740,C0001074,Achilles tendon,LCH_NW,"Body Part, Organ, or Organ Component"
1741,C0001074,Achilles tendon,SNOMEDCT_US,"Body Part, Organ, or Organ Component"
1742,C0001074,Achilles Tendon,NCI,"Body Part, Organ, or Organ Component"
1743,C0399805,Duodenal biopsy,RCD,Diagnostic Procedure
1744,C0399805,Duodenal Biopsy,NCI,Diagnostic Procedure
1745,C0399805,Duodenal biopsy,SNOMEDCT_US,Diagnostic Procedure
1746,C0020885,Ileum,LCH,"Body Part, Organ, or Organ Component"
1747,C0020885,Ileum,MSH,"Body Part, Organ, or Organ Component"
1748,C0020885,Ileum,MTHMST,"Body Part, Organ, or Organ Component"
1749,C0020885,Ileum,RCD,"Body Part, Organ, or Organ Component"
1750,C0020885,Ileum,SNM,"Body Part, Organ, or Organ Component"
1751,C0020885,Ileum,UWDA,"Body Part, Organ, or Organ Component"
1752,C0020885,ileum,AOD,"Body Part, Organ, or Organ Component"
1753,C0020885,ileum,CSP,"Body Part, Organ, or Organ Component"
1754,C0020885,ileum,MTH,"Body Part, Organ, or Organ Component"
1755,C0020885,ILEUM,SNMI,"Body Part, Organ, or Organ Component"
1756,C0020885,Ileum,FMA,"Body Part, Organ, or Organ Component"
1757,C0020885,ileum,CHV,"Body Part, Organ, or Organ Component"
1758,C0020885,Ileum,LCH_NW,"Body Part, Organ, or Organ Component"
1759,C0020885,Ileum,SNOMEDCT_US,"Body Part, Organ, or Organ Component"
1760,C0020885,Ileum,LNC,"Body Part, Organ, or Organ Component"
1761,C0020885,Ileum,PSY,"Body Part, Organ, or Organ Component"
1762,C0020885,Ileum,NCI,"Body Part, Organ, or Organ Component"
1763,C0020885,Ileum,HL7V2.5,"Body Part, Organ, or Organ Component"
1764,C0227391,sigmoid,CHV,"Body Part, Organ, or Organ Component"
1765,C0227391,Sigmoid,MSH,"Body Part, Organ, or Organ Component"
1766,C0227391,Sigmoid,HL7V2.5,"Body Part, Organ, or Organ Component"
1767,C0034896,Rectum,LCH,"Body Part, Organ, or Organ Component"
1768,C0034896,Rectum,MSH,"Body Part, Organ, or Organ Component"
1769,C0034896,Rectum,MTH,"Body Part, Organ, or Organ Component"
1770,C0034896,Rectum,MTHMST,"Body Part, Organ, or Organ Component"
1771,C0034896,Rectum,RCD,"Body Part, Organ, or Organ Component"
1772,C0034896,Rectum,SNM,"Body Part, Organ, or Organ Component"
1774,C0034896,Rectum,UWDA,"Body Part, Organ, or Organ Component"
1775,C0034896,RECTUM,SNMI,"Body Part, Organ, or Organ Component"
1776,C0034896,rectum,AOD,"Body Part, Organ, or Organ Component"
1777,C0034896,rectum,CSP,"Body Part, Organ, or Organ Component"
1778,C0034896,Rectum,FMA,"Body Part, Organ, or Organ Component"
1779,C0034896,Rectum,LNC,"Body Part, Organ, or Organ Component"
1780,C0034896,rectum,CHV,"Body Part, Organ, or Organ Component"
1782,C0034896,Rectum,LCH_NW,"Body Part, Organ, or Organ Component"
1785,C0034896,Rectum,SNOMEDCT_US,"Body Part, Organ, or Organ Component"
1787,C4482211,Rectum,LNC,"Body Part, Organ, or Organ Component"
1788,C0034896,Rectum,NCI,"Body Part, Organ, or Organ Component"
1789,C0034896,Rectum,HL7V2.5,"Body Part, Organ, or Organ Component"
1790,C0036628,Seminal vesicle,RCD,"Body Part, Organ, or Organ Component"
1791,C0036628,Seminal vesicle,SNM,"Body Part, Organ, or Organ Component"
1792,C0036628,Seminal vesicle,UWDA,"Body Part, Organ, or Organ Component"
1793,C0036628,Seminal Vesicle,MSH,"Body Part, Organ, or Organ Component"
1794,C0036628,seminal vesicle,AOD,"Body Part, Organ, or Organ Component"
1795,C0036628,seminal vesicle,CSP,"Body Part, Organ, or Organ Component"
1796,C0036628,Seminal vesicle,FMA,"Body Part, Organ, or Organ Component"
1797,C0036628,seminal vesicle,CHV,"Body Part, Organ, or Organ Component"
1798,C0036628,Seminal vesicle,LNC,"Body Part, Organ, or Organ Component"
1800,C0036628,Seminal vesicle,SNOMEDCT_US,"Body Part, Organ, or Organ Component"
1802,C0036628,Seminal Vesicle,NCI,"Body Part, Organ, or Organ Component"
1803,C0033572,Prostate,MSH,"Body Part, Organ, or Organ Component"
1804,C0033572,Prostate,MTH,"Body Part, Organ, or Organ Component"
1805,C0033572,Prostate,RCD,"Body Part, Organ, or Organ Component"
1806,C0033572,Prostate,SNM,"Body Part, Organ, or Organ Component"
1807,C0033572,Prostate,UWDA,"Body Part, Organ, or Organ Component"
1808,C0033572,PROSTATE,CCPSS,"Body Part, Organ, or Organ Component"
1809,C0033572,PROSTATE,SNMI,"Body Part, Organ, or Organ Component"
1810,C0033572,prostate,AOD,"Body Part, Organ, or Organ Component"
1811,C0033572,prostate,CSP,"Body Part, Organ, or Organ Component"
1812,C0033572,Prostate,FMA,"Body Part, Organ, or Organ Component"
1813,C0033572,Prostate,ICF,"Body Part, Organ, or Organ Component"
1814,C0033572,Prostate,ICF-CY,"Body Part, Organ, or Organ Component"
1815,C0033572,Prostate,LNC,"Body Part, Organ, or Organ Component"
1816,C0033572,prostate,CHV,"Body Part, Organ, or Organ Component"
1818,C0033572,Prostate,LCH_NW,"Body Part, Organ, or Organ Component"
1820,C0033572,Prostate,SNOMEDCT_US,"Body Part, Organ, or Organ Component"
1822,C4266527,Prostate,LNC,"Body Part, Organ, or Organ Component"
1823,C0033572,Prostate,PSY,"Body Part, Organ, or Organ Component"
1824,C0033572,Prostate,NCI,"Body Part, Organ, or Organ Component"
1825,C0150866,Skin Biopsy,AIR,Diagnostic Procedure
1826,C0150866,Skin biopsy,RCD,Diagnostic Procedure
1827,C0150866,Skin Biopsy,NCI,Diagnostic Procedure
1828,C0150866,skin biopsy,CHV,Diagnostic Procedure
1829,C0150866,Skin biopsy,MDR,Diagnostic Procedure
1830,C0150866,Skin biopsy,SNOMEDCT_US,Diagnostic Procedure
1831,C0150866,skin biopsy,ICPC2P,Diagnostic Procedure
1832,C0017638,Glioma,MDR,Neoplastic Process
1833,C0017638,Glioma,MSH,Neoplastic Process
1834,C0017638,Glioma,MTH,Neoplastic Process
1835,C0017638,Glioma,RCD,Neoplastic Process
1836,C0017638,GLIOMA,COSTAR,Neoplastic Process
1837,C0017638,GLIOMA,DXP,Neoplastic Process
1838,C0017638,glioma,AOD,Neoplastic Process
1839,C0017638,glioma,CSP,Neoplastic Process
1840,C0017638,Glioma,OMIM,Neoplastic Process
1841,C0017638,Glioma,SNOMEDCT_US,Neoplastic Process
1842,C0017638,glioma,CHV,Neoplastic Process
1843,C0017638,Glioma,MEDLINEPLUS,Neoplastic Process
1844,C0017638,glioma,MEDCIN,Neoplastic Process
1845,C0017638,Glioma,NCI,Neoplastic Process
1846,C0017638,Glioma,HPO,Neoplastic Process
1849,C0017638,Glioma,ORPHANET,Neoplastic Process
1850,C1535502,Bronchoalveolar lavage,SNMI,Therapeutic or Preventive Procedure
1851,C1535502,Bronchoalveolar Lavage,MSH,Therapeutic or Preventive Procedure
1852,C1535502,Bronchoalveolar Lavage,NCI,Therapeutic or Preventive Procedure
1853,C1535502,Bronchoalveolar Lavage,MTH,Therapeutic or Preventive Procedure
1854,C1535502,bronchoalveolar lavage,CHV,Therapeutic or Preventive Procedure
1855,C1535502,Bronchoalveolar lavage,LCH_NW,Therapeutic or Preventive Procedure
1856,C1535502,bronchoalveolar lavage,MEDCIN,Therapeutic or Preventive Procedure
1857,C1535502,Bronchoalveolar lavage,MDR,Therapeutic or Preventive Procedure
1858,C0012383,Bronchoalveolar lavage,LNC,Organic Chemical
1859,C0012383,Bronchoalveolar lavage,LNC,Pharmacologic Substance
1860,C1535502,bronchoalveolar lavage,PDQ,Therapeutic or Preventive Procedure
1862,C1535502,bronchoalveolar lavage,CSP,Therapeutic or Preventive Procedure
1864,C2827718,In Vitro,NCI,Functional Concept
1865,C1533691,in vitro,CHV,Qualitative Concept
1866,C1533691,In Vitro,NCI,Qualitative Concept
1867,C0021135,In Vitro,MSH,Intellectual Product
1868,C1533691,in vitro,MTH,Qualitative Concept
1887,C0018787,coronary,CSP,"Body Part, Organ, or Organ Component"
1888,C1522318,Coronary,NCI,Spatial Concept
1889,C1522318,Coronary,MTH,Spatial Concept
1890,C0007272,CAROTID,CCPSS,"Body Part, Organ, or Organ Component"
1891,C0007272,carotid,CHV,"Body Part, Organ, or Organ Component"
1892,C0007272,Carotid,HL7V2.5,"Body Part, Organ, or Organ Component"
1893,C0007806,Cerebrospinal Fluid,MSH,Body Substance
1894,C0007806,Cerebrospinal Fluid,MTH,Body Substance
1895,C0007806,Cerebrospinal Fluid,SNM,Body Substance
1896,C0007806,cerebrospinal fluid,AOD,Body Substance
1897,C0007806,cerebrospinal fluid,CSP,Body Substance
1898,C0007806,Cerebrospinal fluid,LCH,Body Substance
1899,C0007806,Cerebrospinal fluid,RCD,Body Substance
1900,C0007806,Cerebrospinal fluid,SNM,Body Substance
1901,C0007806,Cerebrospinal fluid,UWDA,Body Substance
1902,C0007806,CEREBROSPINAL FLUID,SNMI,Body Substance
1903,C0007806,cerebrospinal fluid,CHV,Body Substance
1904,C0007806,Cerebrospinal fluid,LCH_NW,Body Substance
1905,C0007806,Cerebrospinal fluid,FMA,Body Substance
1906,C0007806,Cerebrospinal fluid,SNOMEDCT_US,Body Substance
1907,C0007807,cerebrospinal fluid,MSH,Functional Concept
1908,C0007806,Cerebrospinal Fluid,PSY,Body Substance
1909,C0007806,Cerebrospinal Fluid,NCI,Body Substance
1910,C0729595,Pelvic lymph node,RCD,"Body Part, Organ, or Organ Component"
1911,C0729595,Pelvic lymph node,SNM,"Body Part, Organ, or Organ Component"
1912,C0729595,Pelvic lymph node,UWDA,"Body Part, Organ, or Organ Component"
1913,C0729595,pelvic lymph node,CHV,"Body Part, Organ, or Organ Component"
1914,C0729595,Pelvic lymph node,FMA,"Body Part, Organ, or Organ Component"
1915,C0729595,Pelvic lymph node,SNOMEDCT_US,"Body Part, Organ, or Organ Component"
1916,C0729595,Pelvic Lymph Node,NCI,"Body Part, Organ, or Organ Component"
1917,C0039590,Testicular tumor,RCDAE,Neoplastic Process
1918,C0039590,testicular tumor,CHV,Neoplastic Process
1919,C0039590,Testicular tumor,HPO,Neoplastic Process
1920,C0039590,Testicular Tumor,MSH,Neoplastic Process
1921,C0039590,Testicular Tumor,NCI,Neoplastic Process
1922,C0152013,Lung adenocarcinoma,OMIM,Neoplastic Process
1923,C0152013,lung adenocarcinoma,MEDCIN,Neoplastic Process
1924,C0152013,lung adenocarcinoma,CHV,Neoplastic Process
1925,C0152013,Lung adenocarcinoma,SNOMEDCT_VET,Neoplastic Process
1926,C0152013,Lung adenocarcinoma,HPO,Neoplastic Process
1927,C0152013,Lung adenocarcinoma,MDR,Neoplastic Process
1929,C0152013,Lung Adenocarcinoma,MSH,Neoplastic Process
1930,C0152013,Lung Adenocarcinoma,PDQ,Neoplastic Process
1931,C0152013,Lung Adenocarcinoma,OMIM,Neoplastic Process
1932,C0152013,Lung Adenocarcinoma,NCI,Neoplastic Process
1933,C0026639,oral mucosa,CSP,"Body Part, Organ, or Organ Component"
1934,C0026639,Oral mucosa,LCH,"Body Part, Organ, or Organ Component"
1935,C0026639,Oral mucosa,RCD,"Body Part, Organ, or Organ Component"
1936,C0026639,Oral mucosa,SNMI,"Body Part, Organ, or Organ Component"
1937,C0026639,Oral Mucosa,NCI,"Body Part, Organ, or Organ Component"
1938,C0026639,oral mucosa,CHV,"Body Part, Organ, or Organ Component"
1939,C0026639,Oral mucosa,LCH_NW,"Body Part, Organ, or Organ Component"
1940,C0026639,Oral Mucosa,MSH,"Body Part, Organ, or Organ Component"
1941,C0026639,Oral mucosa,FMA,"Body Part, Organ, or Organ Component"
1942,C0026639,Oral mucosa,SNOMEDCT_US,"Body Part, Organ, or Organ Component"
1943,C0007137,Squamous cell carcinoma,ICPC2P,Neoplastic Process
1944,C0007137,Squamous cell carcinoma,MDR,Neoplastic Process
1945,C0007137,Squamous cell carcinoma,RCD,Neoplastic Process
1946,C0007137,Squamous cell carcinoma,SNM,Neoplastic Process
1947,C0007137,squamous cell carcinoma,AOD,Neoplastic Process
1948,C0007137,squamous cell carcinoma,BI,Neoplastic Process
1949,C0007137,squamous cell carcinoma,CSP,Neoplastic Process
1950,C0007137,Squamous cell carcinoma,OMIM,Neoplastic Process
1951,C0007137,squamous cell carcinoma,MEDCIN,Neoplastic Process
1952,C0007137,SQUAMOUS CELL CARCINOMA,CCPSS,Neoplastic Process
1953,C0007137,Squamous cell carcinoma,LNC,Neoplastic Process
1954,C0007137,squamous cell carcinoma,CHV,Neoplastic Process
1955,C0007137,Squamous cell carcinoma,LCH_NW,Neoplastic Process
1956,C0007137,Squamous cell carcinoma,HPO,Neoplastic Process
1958,C0007137,Squamous Cell Carcinoma,MSH,Neoplastic Process
1959,C0007137,Squamous cell carcinoma,SNOMEDCT_US,Neoplastic Process
1963,C0007137,Squamous cell carcinoma,MTH,Neoplastic Process
1964,C0007137,Squamous Cell Carcinoma,NCI,Neoplastic Process
1965,C0007137,squamous cell carcinoma,ICPC2P,Neoplastic Process
1966,C0022131,pancreatic islet,CSP,"Body Part, Organ, or Organ Component"
1967,C0022131,Pancreatic islet,FMA,"Body Part, Organ, or Organ Component"
1968,C0022131,Pancreatic islet,UWDA,"Body Part, Organ, or Organ Component"
1969,C0022131,pancreatic islet,CHV,"Body Part, Organ, or Organ Component"
1970,C0022131,Pancreatic Islet,MSH,"Body Part, Organ, or Organ Component"
1971,C2717959,iPSC,NCI,Cell
1972,C4050317,Patient-Derived Xenograft,NCI,Experimental Model of Disease
1977,C0376358,prostatic cancer,CSP,Neoplastic Process
1978,C0376358,Prostatic cancer,HPO,Neoplastic Process
1979,C0376358,Prostatic cancer,MDR,Neoplastic Process
1980,C0376358,Prostatic Cancer,MSH,Neoplastic Process
1981,C0376358,prostatic cancer,PDQ,Neoplastic Process
1982,C0278883,metastatic melanoma,CHV,Neoplastic Process
1983,C0278883,Metastatic melanoma,MTH,Neoplastic Process
1984,C0278883,Metastatic melanoma,MDR,Neoplastic Process
1985,C0278883,metastatic melanoma,PDQ,Neoplastic Process
1986,C0278883,Metastatic Melanoma,NCI,Neoplastic Process
1987,C2337731,Brodmann area 38,FMA,Body Location or Region
1988,C2337731,Brodmann area 38,MTH,Body Location or Region
1989,C2337731,Brodmann Area 38,MSH,Body Location or Region
1990,C2954192,Anterior cingulate cortex,FMA,Tissue
1991,C5700070,Anterior Cingulate Cortex,NCI,"Body Part, Organ, or Organ Component"
1992,C2954192,anterior cingulate cortex,NEU,Tissue
1993,C5700070,Anterior Cingulate Cortex,MTH,"Body Part, Organ, or Organ Component"
1994,C5700070,Anterior Cingulate Cortex,MSH,"Body Part, Organ, or Organ Component"
1995,C0018826,Heart Valve,MSH,"Body Part, Organ, or Organ Component"
1996,C0018826,heart valve,AOD,"Body Part, Organ, or Organ Component"
1997,C0018826,heart valve,CSP,"Body Part, Organ, or Organ Component"
1998,C1305961,Heart valve,RCD,"Body Part, Organ, or Organ Component"
1999,C0018826,Heart valve,FMA,"Body Part, Organ, or Organ Component"
2000,C0018826,heart valve,CHV,"Body Part, Organ, or Organ Component"
2001,C0018826,Heart Valve,HL7V2.5,"Body Part, Organ, or Organ Component"
2002,C0025202,Melanoma,ICPC2P,Neoplastic Process
2003,C0025202,Melanoma,LCH,Neoplastic Process
2004,C0025202,Melanoma,MSH,Neoplastic Process
2005,C0025202,Melanoma,SNM,Neoplastic Process
2006,C0025202,MELANOMA,COSTAR,Neoplastic Process
2007,C0025202,melanoma,AOD,Neoplastic Process
2008,C0025202,melanoma,BI,Neoplastic Process
2009,C0025202,melanoma,CSP,Neoplastic Process
2010,C0025202,Melanoma,OMIM,Neoplastic Process
2011,C0025202,melanoma,CHV,Neoplastic Process
2012,C0025202,Melanoma,MEDLINEPLUS,Neoplastic Process
2013,C0025202,Melanoma,LCH_NW,Neoplastic Process
2014,C0025202,Melanoma,LNC,Neoplastic Process
2015,C0025202,Melanoma,HPO,Neoplastic Process
2016,C0025202,Melanoma,MDR,Neoplastic Process
2017,C0796561,melanoma,CVX,Pharmacologic Substance
2018,C0796561,melanoma,CVX,Immunologic Factor
2019,C0025202,melanoma,PDQ,Neoplastic Process
2020,C0025202,melanoma,ICPC2ICD10ENG,Neoplastic Process
2021,C0025202,Melanoma,NCI,Neoplastic Process
2022,C0025202,melanoma,MTH,Neoplastic Process
2023,C0796561,melanoma,HL7V2.5,Pharmacologic Substance
2024,C0796561,melanoma,HL7V2.5,Immunologic Factor
2025,C0796561,melanoma,HL7V3.0,Pharmacologic Substance
2026,C0796561,melanoma,HL7V3.0,Immunologic Factor
2027,C0025202,melanoma,ICPC2P,Neoplastic Process
2028,C1306819,Foreskin,RCD,"Body Part, Organ, or Organ Component"
2029,C0227952,Foreskin,SNMI,"Body Part, Organ, or Organ Component"
2030,C0227952,Foreskin,MSH,"Body Part, Organ, or Organ Component"
2031,C0227952,Foreskin,FMA,"Body Part, Organ, or Organ Component"
2032,C0227952,foreskin,CHV,"Body Part, Organ, or Organ Component"
2033,C0227952,Foreskin,LCH_NW,"Body Part, Organ, or Organ Component"
2034,C0227952,Foreskin,UWDA,"Body Part, Organ, or Organ Component"
2035,C0227952,Foreskin,SNOMEDCT_US,"Body Part, Organ, or Organ Component"
2036,C0227952,Foreskin,NCI,"Body Part, Organ, or Organ Component"
2037,C0227952,Foreskin,HL7V2.5,"Body Part, Organ, or Organ Component"
2038,C0006087,Brachial Artery,MSH,"Body Part, Organ, or Organ Component"
2039,C0006087,Brachial artery,RCD,"Body Part, Organ, or Organ Component"
2040,C0006087,Brachial artery,SNM,"Body Part, Organ, or Organ Component"
2041,C0006087,Brachial artery,UWDA,"Body Part, Organ, or Organ Component"
2042,C0006087,Brachial artery,FMA,"Body Part, Organ, or Organ Component"
2043,C0006087,Brachial artery,LNC,"Body Part, Organ, or Organ Component"
2045,C0006087,brachial artery,CHV,"Body Part, Organ, or Organ Component"
2048,C0006087,Brachial artery,SNOMEDCT_US,"Body Part, Organ, or Organ Component"
2050,C4482227,Brachial artery,LNC,"Body Part, Organ, or Organ Component"
2053,C0006087,Brachial Artery,NCI,"Body Part, Organ, or Organ Component"
2054,C0370231,Whole blood,RCD,Body Substance
2055,C0370231,Whole blood,SNM,Body Substance
2056,C0370231,Whole blood,LNC,Body Substance
2057,C0370231,whole blood,CHV,Body Substance
2061,C1608383,Whole Blood,NCI,Body Substance
2062,C1546552,Whole blood,HL7V2.5,Intellectual Product
2063,C1608383,Whole blood,HL7V3.0,Body Substance
2064,C0370231,whole blood,MTH,Body Substance
2065,C0370231,Whole blood,SNOMEDCT_US,Body Substance
2066,C0024121,LUNG TUMOR,CCPSS,Neoplastic Process
2067,C0024121,LUNG TUMOR,DXP,Neoplastic Process
2068,C0024121,lung tumor,CHV,Neoplastic Process
2069,C0024121,Lung tumor,HPO,Neoplastic Process
2070,C0024121,Lung Tumor,NCI,Neoplastic Process
2071,C1458155,Breast tumor,RCDAE,Neoplastic Process
2072,C1458155,Breast tumor,LNC,Neoplastic Process
2073,C1458155,breast tumor,CHV,Neoplastic Process
2075,C1458155,Breast tumor,HPO,Neoplastic Process
2076,C1458155,Breast tumor,SNOMEDCT_US,Neoplastic Process
2078,C1458155,Breast Tumor,MSH,Neoplastic Process
2079,C1458155,Breast Tumor,NCI,Neoplastic Process
2080,C0030297,pancreatic tumor,CHV,Neoplastic Process
2081,C0030297,Pancreatic tumor,MTHMST,Neoplastic Process
2082,C0030297,Pancreatic tumor,HPO,Neoplastic Process
2083,C0030297,Pancreatic tumor,SNOMEDCT_VET,Neoplastic Process
2084,C0030297,Pancreatic Tumor,NCI,Neoplastic Process
2085,C0040411,tongue tumor,CHV,Neoplastic Process
2086,C0040411,Tongue Tumor,NCI,Neoplastic Process
2087,C0040422,tonsil tumor,CHV,Neoplastic Process
2088,C0040422,Tonsil Tumor,NCI,Neoplastic Process
2089,C0006118,BRAIN TUMOR,CCPSS,Neoplastic Process
2090,C0006118,BRAIN TUMOR,COSTAR,Neoplastic Process
2091,C0006118,BRAIN TUMOR,CST,Neoplastic Process
2092,C0006118,Brain tumor,RCDAE,Neoplastic Process
2093,C0006118,Brain Tumor,MSH,Neoplastic Process
2094,C0006118,brain tumor,CHV,Neoplastic Process
2096,C0006118,brain tumor,MEDCIN,Neoplastic Process
2097,C0006118,Brain tumor,MDR,Neoplastic Process
2098,C0006118,Brain tumor,HPO,Neoplastic Process
2099,C0006118,brain tumor,PDQ,Neoplastic Process
2100,C0006118,Brain tumor,SNOMEDCT_US,Neoplastic Process
2101,C0006118,Brain Tumor,NCI,Neoplastic Process
2102,C0037286,SKIN TUMOR,CCPSS,Neoplastic Process
2103,C0037286,SKIN TUMOR,DXP,Neoplastic Process
2104,C0037286,Skin tumor,RCDAE,Neoplastic Process
2105,C0037286,skin tumor,CHV,Neoplastic Process
2106,C0037286,Skin tumor,MDR,Neoplastic Process
2107,C0037286,Skin tumor,SNOMEDCT_US,Neoplastic Process
2108,C0037286,skin tumor,PDQ,Neoplastic Process
2109,C0037286,Skin Tumor,NCI,Neoplastic Process
2110,C0005695,Bladder tumor,LNC,Neoplastic Process
2111,C0005695,bladder tumor,CHV,Neoplastic Process
2112,C0005695,Bladder Tumor,MSH,Neoplastic Process
2113,C0005695,Bladder tumor,HPO,Neoplastic Process
2114,C0005695,Bladder tumor,SNOMEDCT_VET,Neoplastic Process
2116,C0005695,Bladder Tumor,NCI,Neoplastic Process
2140,C3887461,Head and Neck Carcinoma,MTH,Neoplastic Process
2141,C3887461,Head and Neck Carcinoma,NCI,Neoplastic Process
2164,C0039597,Testis,LCH,"Body Part, Organ, or Organ Component"
2165,C0039597,Testis,MSH,"Body Part, Organ, or Organ Component"
2166,C0039597,Testis,MTH,"Body Part, Organ, or Organ Component"
2167,C0039597,Testis,RCD,"Body Part, Organ, or Organ Component"
2168,C0039597,Testis,SNM,"Body Part, Organ, or Organ Component"
2170,C0039597,Testis,UWDA,"Body Part, Organ, or Organ Component"
2171,C0039597,testis,CSP,"Body Part, Organ, or Organ Component"
2172,C0039597,Testis,FMA,"Body Part, Organ, or Organ Component"
2173,C0039597,Testis,LNC,"Body Part, Organ, or Organ Component"
2174,C0039597,testis,CHV,"Body Part, Organ, or Organ Component"
2177,C0039597,Testis,LCH_NW,"Body Part, Organ, or Organ Component"
2178,C0812397,testis,NDDF,Pharmacologic Substance
2179,C0039597,Testis,SNOMEDCT_US,"Body Part, Organ, or Organ Component"
2182,C0039597,Testis,NCI,"Body Part, Organ, or Organ Component"
2183,C0927195,Stroma,NCI,"Body Part, Organ, or Organ Component"
2184,C0927195,Stroma,FMA,"Body Part, Organ, or Organ Component"
2185,C0927195,stroma,CHV,"Body Part, Organ, or Organ Component"
2186,C0927195,Stroma,UWDA,"Body Part, Organ, or Organ Component"
2206,C0040408,Tongue,LCH,"Body Part, Organ, or Organ Component"
2207,C0040408,Tongue,MSH,"Body Part, Organ, or Organ Component"
2208,C0040408,Tongue,MTH,"Body Part, Organ, or Organ Component"
2209,C0040408,Tongue,RCD,"Body Part, Organ, or Organ Component"
2210,C0040408,Tongue,SNM,"Body Part, Organ, or Organ Component"
2212,C0040408,Tongue,UWDA,"Body Part, Organ, or Organ Component"
2213,C0040408,TONGUE,SNMI,"Body Part, Organ, or Organ Component"
2214,C0040408,tongue,AOD,"Body Part, Organ, or Organ Component"
2215,C0040408,tongue,CSP,"Body Part, Organ, or Organ Component"
2216,C0040408,Tongue,FMA,"Body Part, Organ, or Organ Component"
2217,C0040408,Tongue,ICF,"Body Part, Organ, or Organ Component"
2218,C0040408,Tongue,ICF-CY,"Body Part, Organ, or Organ Component"
2219,C0040408,Tongue,LNC,"Body Part, Organ, or Organ Component"
2220,C0040408,tongue,CHV,"Body Part, Organ, or Organ Component"
2222,C0040408,Tongue,LCH_NW,"Body Part, Organ, or Organ Component"
2224,C0040408,Tongue,SNOMEDCT_US,"Body Part, Organ, or Organ Component"
2226,C0040408,Tongue,PSY,"Body Part, Organ, or Organ Component"
2227,C0040408,Tongue,NCI,"Body Part, Organ, or Organ Component"
2228,C0040408,Tongue,HL7V2.5,"Body Part, Organ, or Organ Component"
2229,C0008109,Chimeras,MSH,Organism
2230,C0008109,chimeras,CHV,Organism
2231,C1844596,Spheroids,OMIM,Finding
2257,C0226801,Basilic vein,RCD,"Body Part, Organ, or Organ Component"
2258,C0226801,Basilic vein,SNM,"Body Part, Organ, or Organ Component"
2259,C0226801,Basilic vein,SNMI,"Body Part, Organ, or Organ Component"
2260,C0226801,Basilic vein,UWDA,"Body Part, Organ, or Organ Component"
2261,C0226801,Basilic vein,FMA,"Body Part, Organ, or Organ Component"
2262,C0226801,basilic vein,CHV,"Body Part, Organ, or Organ Component"
2263,C0226801,Basilic vein,SNOMEDCT_US,"Body Part, Organ, or Organ Component"
2264,C0226801,Basilic Vein,NCI,"Body Part, Organ, or Organ Component"
2265,C0226802,Cephalic vein,RCD,"Body Part, Organ, or Organ Component"
2266,C0226802,Cephalic vein,SNM,"Body Part, Organ, or Organ Component"
2267,C0226802,Cephalic vein,SNMI,"Body Part, Organ, or Organ Component"
2268,C0226802,Cephalic vein,UWDA,"Body Part, Organ, or Organ Component"
2269,C0226802,Cephalic vein,FMA,"Body Part, Organ, or Organ Component"
2270,C0226802,cephalic vein,CHV,"Body Part, Organ, or Organ Component"
2271,C0226802,Cephalic vein,SNOMEDCT_US,"Body Part, Organ, or Organ Component"
2272,C0226802,Cephalic Vein,NCI,"Body Part, Organ, or Organ Component"
2273,C4019110,dorsolateral prefrontal cortex,NEU,"Body Part, Organ, or Organ Component"
2274,C4019080,dorsolateral prefrontal cortex,NEU,"Body Part, Organ, or Organ Component"
2275,C4019080,Dorsolateral Prefrontal Cortex,MTH,"Body Part, Organ, or Organ Component"
2276,C4019080,Dorsolateral prefrontal cortex,FMA,"Body Part, Organ, or Organ Component"
2277,C4019080,Dorsolateral Prefrontal Cortex,MSH,"Body Part, Organ, or Organ Component"
2278,C0241279,SUBCUTANEOUS TUMOR,DXP,Finding
2279,C0919267,Ovarian tumour,RCD,Neoplastic Process
2280,C0919267,ovarian tumour,CHV,Neoplastic Process
2281,C0919267,Ovarian tumour,SNOMEDCT_US,Neoplastic Process
2282,C0919267,Ovarian tumour,HPO,Neoplastic Process
2283,C0024121,lung tumour,CHV,Neoplastic Process
2284,C0024121,Lung tumour,HPO,Neoplastic Process
2285,C0001430,Adenoma,LCH,Neoplastic Process
2286,C0001430,Adenoma,MSH,Neoplastic Process
2287,C0001430,Adenoma,RCD,Neoplastic Process
2288,C0001430,Adenoma,SNM,Neoplastic Process
2289,C0001430,ADENOMA,COSTAR,Neoplastic Process
2290,C0001430,ADENOMA,CST,Neoplastic Process
2291,C0001430,adenoma,AOD,Neoplastic Process
2292,C0001430,adenoma,CSP,Neoplastic Process
2293,C0001430,Adenoma,MTH,Neoplastic Process
2294,C0001430,adenoma,CHV,Neoplastic Process
2295,C0001430,Adenoma,MEDLINEPLUS,Neoplastic Process
2296,C0001430,Adenoma,LCH_NW,Neoplastic Process
2297,C0001430,Adenoma,MDR,Neoplastic Process
2298,C0001430,Adenoma,SNOMEDCT_US,Neoplastic Process
2300,C0001430,Adenoma,NCI,Neoplastic Process
2301,C1518263,Neural Retina,NCI,"Body Part, Organ, or Organ Component"
2302,C0035322,retinal pigment epithelium,CSP,"Body Part, Organ, or Organ Component"
2303,C0035322,Retinal pigment epithelium,FMA,"Body Part, Organ, or Organ Component"
2304,C0035322,Retinal Pigment Epithelium,MSH,"Body Part, Organ, or Organ Component"
2305,C0035322,retinal pigment epithelium,CHV,"Body Part, Organ, or Organ Component"
2306,C0035322,Retinal pigment epithelium,UWDA,"Body Part, Organ, or Organ Component"
2307,C0035322,Retinal pigment epithelium,LNC,"Body Part, Organ, or Organ Component"
2310,C0035322,Retinal pigment epithelium,SNOMEDCT_US,"Body Part, Organ, or Organ Component"
2311,C0035322,Retinal Pigment Epithelium,NCI,"Body Part, Organ, or Organ Component"
2314,C0014257,Endothelial,NCI,Tissue
2315,C0581619,Cervical Spinal Cord,SNM,"Body Part, Organ, or Organ Component"
2316,C0581619,Cervical spinal cord,RCD,"Body Part, Organ, or Organ Component"
2317,C0581619,Cervical spinal cord,SNM,"Body Part, Organ, or Organ Component"
2318,C0581619,CERVICAL SPINAL CORD,SNMI,"Body Part, Organ, or Organ Component"
2319,C0457846,Cervical spinal cord,FMA,"Body Part, Organ, or Organ Component"
2320,C0581619,Cervical spinal cord,ICF,"Body Part, Organ, or Organ Component"
2321,C0581619,Cervical spinal cord,ICF-CY,"Body Part, Organ, or Organ Component"
2322,C0581619,cervical spinal cord,CHV,"Body Part, Organ, or Organ Component"
2323,C0457846,Cervical Spinal Cord,MSH,"Body Part, Organ, or Organ Component"
2324,C0581619,Cervical spinal cord,SNOMEDCT_US,"Body Part, Organ, or Organ Component"
2325,C0581619,Cervical Spinal Cord,NCI,"Body Part, Organ, or Organ Component"
2337,C0036410,Sclera,LCH,"Body Part, Organ, or Organ Component"
2338,C0036410,Sclera,MSH,"Body Part, Organ, or Organ Component"
2339,C0036410,Sclera,MTH,"Body Part, Organ, or Organ Component"
2340,C0036410,Sclera,RCD,"Body Part, Organ, or Organ Component"
2341,C0036410,Sclera,SNM,"Body Part, Organ, or Organ Component"
2342,C0036410,Sclera,UWDA,"Body Part, Organ, or Organ Component"
2343,C0036410,sclera,AOD,"Body Part, Organ, or Organ Component"
2344,C0036410,sclera,CSP,"Body Part, Organ, or Organ Component"
2345,C2228481,sclera,MEDCIN,Health Care Activity
2346,C0036410,Sclera,FMA,"Body Part, Organ, or Organ Component"
2347,C0036410,Sclera,LNC,"Body Part, Organ, or Organ Component"
2348,C0036410,sclera,CHV,"Body Part, Organ, or Organ Component"
2350,C0036410,Sclera,LCH_NW,"Body Part, Organ, or Organ Component"
2351,C0036410,Sclera,SNOMEDCT_US,"Body Part, Organ, or Organ Component"
2353,C0036410,Sclera,PSY,"Body Part, Organ, or Organ Component"
2354,C0036410,Sclera,NCI,"Body Part, Organ, or Organ Component"
2355,C0036410,Sclera,HL7V2.5,"Body Part, Organ, or Organ Component"
2356,C0029127,Optic nerve head,SNM,"Body Part, Organ, or Organ Component"
2357,C0029127,Optic nerve head,SNMI,"Body Part, Organ, or Organ Component"
2358,C0029127,optic nerve head,CHV,"Body Part, Organ, or Organ Component"
2359,C0029127,Optic Nerve Head,MSH,"Body Part, Organ, or Organ Component"
2360,C0029127,Optic nerve head,SNOMEDCT_US,"Body Part, Organ, or Organ Component"
2361,C0029127,Optic Nerve Head,NCI,"Body Part, Organ, or Organ Component"
2362,C0029130,Optic Nerve,MSH,"Body Part, Organ, or Organ Component"
2363,C0029130,Optic Nerve,MTH,"Body Part, Organ, or Organ Component"
2364,C0029130,Optic nerve,LCH,"Body Part, Organ, or Organ Component"
2365,C0029130,Optic nerve,RCD,"Body Part, Organ, or Organ Component"
2366,C0029130,Optic nerve,SNM,"Body Part, Organ, or Organ Component"
2367,C0029130,Optic nerve,UWDA,"Body Part, Organ, or Organ Component"
2368,C0029130,optic nerve,AOD,"Body Part, Organ, or Organ Component"
2369,C0029130,optic nerve,CSP,"Body Part, Organ, or Organ Component"
2370,C0029130,Optic nerve,FMA,"Body Part, Organ, or Organ Component"
2371,C0029130,optic nerve,CHV,"Body Part, Organ, or Organ Component"
2372,C0029130,optic nerve,NEU,"Body Part, Organ, or Organ Component"
2373,C0029130,Optic nerve,LCH_NW,"Body Part, Organ, or Organ Component"
2374,C0029130,Optic nerve,LNC,"Body Part, Organ, or Organ Component"
2376,C0029130,Optic nerve,SNOMEDCT_US,"Body Part, Organ, or Organ Component"
2378,C0029130,Optic Nerve,PSY,"Body Part, Organ, or Organ Component"
2379,C0029130,Optic Nerve,NCI,"Body Part, Organ, or Organ Component"
2380,C0220650,BRAIN METASTASES,WHO,Neoplastic Process
2381,C0220650,brain metastases,CHV,Neoplastic Process
2382,C0220650,Brain metastases,MDR,Neoplastic Process
2383,C0220650,Brain Metastases,MSH,Neoplastic Process
2384,C0220650,Brain Metastases,NCI,Neoplastic Process
2385,C0220650,brain metastases,PDQ,Neoplastic Process
2387,C0520484,Xenograft,ICD10AM,Therapeutic or Preventive Procedure
2388,C0522537,Xenograft,RCD,Biomedical or Dental Material
2389,C0522537,Xenograft,SNMI,Biomedical or Dental Material
2390,C0520484,xenograft,CSP,Therapeutic or Preventive Procedure
2391,C0520484,xenograft,CHV,Therapeutic or Preventive Procedure
2392,C0522537,xenograft,CHV,Biomedical or Dental Material
2393,C0522537,Xenograft,MSH,Biomedical or Dental Material
2394,C0522537,Xenograft,SNOMEDCT_US,Biomedical or Dental Material
2395,C0522537,Xenograft,NCI,Biomedical or Dental Material
2396,C0014520,Epidermis,LCH,Tissue
2397,C0014520,Epidermis,MSH,Tissue
2398,C0014520,Epidermis,SNM,Tissue
2399,C0014520,Epidermis,SNMI,Tissue
2400,C0014520,epidermis,AOD,Tissue
2401,C0014520,epidermis,CSP,Tissue
2402,C0014520,Epidermis,FMA,Tissue
2403,C0014520,Epidermis,LNC,Tissue
2404,C0014520,epidermis,CHV,Tissue
2405,C0014520,Epidermis,LCH_NW,Tissue
2406,C0014520,Epidermis,UWDA,Tissue
2408,C0014520,Epidermis,SNOMEDCT_US,Tissue
2409,C3496194,Epidermis,MED-RT,Cell
2411,C0014520,Epidermis,MTH,Tissue
2412,C0014520,Epidermis,NCI,Tissue
2439,C0929301,Mammary gland,MTH,"Body Part, Organ, or Organ Component"
2440,C0929301,Mammary gland,RCD,"Body Part, Organ, or Organ Component"
2441,C0929301,Mammary gland,SNM,"Body Part, Organ, or Organ Component"
2442,C0929301,Mammary gland,UWDA,"Body Part, Organ, or Organ Component"
2443,C0929301,mammary gland,AOD,"Body Part, Organ, or Organ Component"
2444,C0929301,mammary gland,CSP,"Body Part, Organ, or Organ Component"
2445,C0929301,mammary gland,CHV,"Body Part, Organ, or Organ Component"
2446,C0929301,Mammary gland,SNOMEDCT_VET,"Body Part, Organ, or Organ Component"
2447,C0929301,Mammary Gland,MSH,"Body Part, Organ, or Organ Component"
2448,C0929301,Mammary gland,FMA,"Body Part, Organ, or Organ Component"
2449,C0929301,Mammary gland,SNOMEDCT_US,"Body Part, Organ, or Organ Component"
2450,C0929301,Mammary Gland,NCI,"Body Part, Organ, or Organ Component"
2451,C0020885,Ileal,SNMI,"Body Part, Organ, or Organ Component"
2452,C0020885,ileal,CHV,"Body Part, Organ, or Organ Component"
2460,C0024296,Lymphoid Tissue,MSH,Tissue
2461,C0024296,Lymphoid tissue,LCH,Tissue
2462,C0024296,Lymphoid tissue,SNMI,Tissue
2463,C0024296,Lymphoid tissue,UWDA,Tissue
2464,C0024296,lymphoid tissue,AOD,Tissue
2465,C0024296,Lymphoid tissue,FMA,Tissue
2466,C0024296,lymphoid tissue,CHV,Tissue
2467,C0024296,Lymphoid tissue,LCH_NW,Tissue
2468,C0024296,Lymphoid tissue,SNOMEDCT_US,Tissue
2469,C0024296,Lymphoid Tissue,NCI,Tissue
2470,C3658289,Human Induced Pluripotent Stem Cell,MSH,Cell
2471,C0268837,Cystitis glandularis,MDR,Disease or Syndrome
2472,C0268837,Cystitis glandularis,SNM,Disease or Syndrome
2473,C0268837,Cystitis glandularis,SNMI,Disease or Syndrome
2474,C0268837,cystitis glandularis,CHV,Disease or Syndrome
2476,C0268837,Cystitis glandularis,SNOMEDCT_US,Disease or Syndrome
2477,C0268837,Cystitis Glandularis,NCI,Disease or Syndrome
2478,C0003956,Ascending aorta,RCD,"Body Part, Organ, or Organ Component"
2479,C0003956,Ascending aorta,SNM,"Body Part, Organ, or Organ Component"
2480,C0003956,Ascending aorta,SNMI,"Body Part, Organ, or Organ Component"
2481,C0003956,Ascending aorta,UWDA,"Body Part, Organ, or Organ Component"
2482,C0003956,Ascending aorta,FMA,"Body Part, Organ, or Organ Component"
2483,C0003956,ascending aorta,CHV,"Body Part, Organ, or Organ Component"
2484,C0003956,Ascending aorta,SNOMEDCT_US,"Body Part, Organ, or Organ Component"
2485,C0003956,Ascending Aorta,MSH,"Body Part, Organ, or Organ Component"
2486,C0003956,Ascending Aorta,NCI,"Body Part, Organ, or Organ Component"
2487,C0042036,Urine,LCH,Body Substance
2488,C0042036,Urine,MSH,Body Substance
2489,C0042036,Urine,MTH,Body Substance
2490,C0042036,Urine,RCD,Body Substance
2491,C0042036,Urine,SNM,Body Substance
2492,C0042036,Urine,SNMI,Body Substance
2493,C0042036,Urine,UWDA,Body Substance
2494,C0042036,urine,AOD,Body Substance
2495,C0042036,urine,CSP,Body Substance
2496,C0042036,URINE,CCPSS,Body Substance
2497,C0042036,Urine,LNC,Body Substance
2498,C0042036,urine,CHV,Body Substance
2499,C2963137,Urine,FMA,Body Substance
2501,C0042036,Urine,LCH_NW,Body Substance
2502,C0042036,Urine,SNOMEDCT_US,Body Substance
2503,C1610733,Urine,LNC,Body Substance
2505,C0042037,urine,MSH,Functional Concept
2506,C0042036,Urine,PSY,Body Substance
2507,C0042036,Urine,NCI,Body Substance
2508,C1547942,Urine,HL7V2.5,Intellectual Product
2509,C1610733,Urine,HL7V3.0,Body Substance
2510,C0553723,Cutaneous squamous cell carcinoma,RCD,Neoplastic Process
2511,C0553723,Cutaneous squamous cell carcinoma,SNOMEDCT_US,Neoplastic Process
2512,C0553723,Cutaneous squamous cell carcinoma,MDR,Neoplastic Process
2513,C0553723,Cutaneous Squamous Cell Carcinoma,NCI,Neoplastic Process
2514,C0022602,Actinic keratosis,ICD10,Neoplastic Process
2515,C0022602,Actinic keratosis,ICD10AM,Neoplastic Process
2516,C0022602,Actinic keratosis,MDR,Neoplastic Process
2517,C0022602,Actinic keratosis,MTH,Neoplastic Process
2518,C0022602,Actinic keratosis,RCD,Neoplastic Process
2519,C0022602,Actinic keratosis,SNMI,Neoplastic Process
2520,C0022602,ACTINIC KERATOSIS,COSTAR,Neoplastic Process
2521,C0022602,actinic keratosis,MEDCIN,Neoplastic Process
2522,C0022602,Actinic keratosis,ICD10CM,Neoplastic Process
2523,C0022602,actinic keratosis,CHV,Neoplastic Process
2524,C0022602,Actinic Keratosis,MEDLINEPLUS,Neoplastic Process
2527,C0022602,Actinic Keratosis,MSH,Neoplastic Process
2528,C0022602,Actinic keratosis,HPO,Neoplastic Process
2529,C0022602,Actinic keratosis,SNOMEDCT_US,Neoplastic Process
2531,C0022602,Actinic Keratosis,NCI,Neoplastic Process
2532,C0022602,actinic keratosis,PDQ,Neoplastic Process
2533,C0022602,Actinic keratosis,ICD9CM,Neoplastic Process
2534,C0521390,Neuronal,SNMI,Immunologic Factor
2535,C0521390,Neuronal,LNC,Immunologic Factor
2536,C0521390,neuronal,CHV,Immunologic Factor
2538,C0231137,Dorsal aorta,SNM,Embryonic Structure
2539,C0231137,Dorsal aorta,SNMI,Embryonic Structure
2540,C0231137,Dorsal aorta,FMA,Embryonic Structure
2541,C0231137,Dorsal aorta,SNOMEDCT_US,Embryonic Structure
2542,C0553695,Exocrine pancreas,MTH,"Body Part, Organ, or Organ Component"
2543,C0553695,Exocrine pancreas,SNM,"Body Part, Organ, or Organ Component"
2544,C0553695,Exocrine pancreas,UWDA,"Body Part, Organ, or Organ Component"
2545,C0553695,exocrine pancreas,AOD,"Body Part, Organ, or Organ Component"
2546,C0553695,exocrine pancreas,CSP,"Body Part, Organ, or Organ Component"
2548,C0553695,Exocrine pancreas,FMA,"Body Part, Organ, or Organ Component"
2549,C0553695,Exocrine pancreas,LNC,"Body Part, Organ, or Organ Component"
2550,C0553695,Exocrine Pancreas,MSH,"Body Part, Organ, or Organ Component"
2551,C0553695,Exocrine pancreas,SNOMEDCT_US,"Body Part, Organ, or Organ Component"
2553,C0553695,Exocrine Pancreas,NCI,"Body Part, Organ, or Organ Component"
2554,C0444070,Breast tissue,RCD,"Body Part, Organ, or Organ Component"
2555,C0444070,breast tissue,CHV,"Body Part, Organ, or Organ Component"
2556,C1521747,Breast Tissue,NCI,Tissue
2557,C0446881,Peripheral retina,RCD,Body Location or Region
2558,C0446881,Peripheral retina,SNOMEDCT_US,Body Location or Region
2559,C0238461,Anaplastic thyroid cancer,MDR,Neoplastic Process
2560,C0238461,anaplastic thyroid cancer,CHV,Neoplastic Process
2561,C0238461,Anaplastic Thyroid Cancer,MSH,Neoplastic Process
2563,C0238461,anaplastic thyroid cancer,PDQ,Neoplastic Process
2564,C0238461,Anaplastic Thyroid Cancer,NCI,Neoplastic Process
2565,C0238463,Papillary thyroid cancer,MDR,Neoplastic Process
2566,C0238463,papillary thyroid cancer,CHV,Neoplastic Process
2567,C0238463,Papillary thyroid cancer,OMIM,Neoplastic Process
2569,C0238463,Papillary Thyroid Cancer,MSH,Neoplastic Process
2570,C0238463,papillary thyroid cancer,PDQ,Neoplastic Process
2571,C0238463,Papillary Thyroid Cancer,NCI,Neoplastic Process
2572,C0009402,colorectal cancer,AOD,Neoplastic Process
2573,C0009402,colorectal cancer,BI,Neoplastic Process
2574,C0009402,COLORECTAL CANCER,OMIM,Neoplastic Process
2575,C0009402,Colorectal cancer,CCS,Neoplastic Process
2576,C0009402,colorectal cancer,CHV,Neoplastic Process
2577,C0009402,Colorectal Cancer,MEDLINEPLUS,Neoplastic Process
2578,C0009402,Colorectal cancer,OMIM,Neoplastic Process
2579,C0009402,colorectal cancer,MEDCIN,Neoplastic Process
2587,C0009402,Colorectal cancer,MDR,Neoplastic Process
2588,C0009402,Colorectal cancer,NANDA-I,Neoplastic Process
2590,C4722085,Colorectal cancer,SNOMEDCT_US,Neoplastic Process
2591,C0009402,Colorectal Cancer,MSH,Neoplastic Process
2592,C0009402,colorectal cancer,PDQ,Neoplastic Process
2593,C0009402,Colorectal Cancer,NCI,Neoplastic Process
2594,C0009402,colorectal cancer,CSP,Neoplastic Process
2595,C0042149,Uterus,ICD10AM,"Body Part, Organ, or Organ Component"
2596,C0042149,Uterus,LCH,"Body Part, Organ, or Organ Component"
2597,C0042149,Uterus,MSH,"Body Part, Organ, or Organ Component"
2598,C0042149,Uterus,MTH,"Body Part, Organ, or Organ Component"
2599,C0042149,Uterus,RCD,"Body Part, Organ, or Organ Component"
2600,C0042149,Uterus,SNM,"Body Part, Organ, or Organ Component"
2602,C0042149,Uterus,ULT,"Body Part, Organ, or Organ Component"
2603,C0042149,Uterus,UWDA,"Body Part, Organ, or Organ Component"
2604,C0042149,UTERUS,SNMI,"Body Part, Organ, or Organ Component"
2605,C0042149,uterus,AOD,"Body Part, Organ, or Organ Component"
2606,C0042149,uterus,CSP,"Body Part, Organ, or Organ Component"
2607,C0869889,uterus,MEDCIN,Diagnostic Procedure
2608,C0042149,Uterus,FMA,"Body Part, Organ, or Organ Component"
2609,C0042149,Uterus,LNC,"Body Part, Organ, or Organ Component"
2610,C0042149,uterus,CHV,"Body Part, Organ, or Organ Component"
2611,C1519876,Uterus,NCI,Tissue
2613,C0042149,Uterus,LCH_NW,"Body Part, Organ, or Organ Component"
2616,C0042149,Uterus,SNOMEDCT_US,"Body Part, Organ, or Organ Component"
2618,C4266525,Uterus,LNC,"Body Part, Organ, or Organ Component"
2619,C0042149,Uterus,PSY,"Body Part, Organ, or Organ Component"
2620,C0042149,Uterus,NCI,"Body Part, Organ, or Organ Component"
2621,C0042149,Uterus,HL7V2.5,"Body Part, Organ, or Organ Component"
2622,C0819757,lung tissue,CHV,Tissue
2623,C0819757,Lung tissue,LNC,Tissue
2625,C0819757,Lung Tissue,NCI,Tissue
2626,C0175173,neocortex,AOD,"Body Part, Organ, or Organ Component"
2627,C0175173,neocortex,CSP,"Body Part, Organ, or Organ Component"
2628,C0175173,Neocortex,MSH,"Body Part, Organ, or Organ Component"
2629,C0175173,Neocortex,FMA,"Body Part, Organ, or Organ Component"
2630,C0175173,neocortex,CHV,"Body Part, Organ, or Organ Component"
2631,C0175173,neocortex,NEU,"Body Part, Organ, or Organ Component"
2632,C0175173,Neocortex,MTH,"Body Part, Organ, or Organ Component"
2633,C0175173,Neocortex,NEU,"Body Part, Organ, or Organ Component"
2634,C0175173,Neocortex,LCH_NW,"Body Part, Organ, or Organ Component"
2635,C0677626,hepatoma cell,CSP,Cell
2636,C0030274,Pancreatic,SNMI,"Body Part, Organ, or Organ Component"
2637,C0030274,pancreatic,CHV,"Body Part, Organ, or Organ Component"
2638,C0030292,Pancreatic,LNC,"Amino Acid, Peptide, or Protein"
2639,C0030292,Pancreatic,LNC,Pharmacologic Substance
2640,C0030292,Pancreatic,LNC,Hormone
2641,C0030274,Pancreatic,NCI,"Body Part, Organ, or Organ Component"
2642,C0039590,testis tumor,CHV,Neoplastic Process
2643,C0017070,dorsal root ganglia,CHV,"Body Part, Organ, or Organ Component"
2644,C0017070,Dorsal Root Ganglia,MSH,"Body Part, Organ, or Organ Component"
2645,C0189485,Lung Biopsy,NCI,Diagnostic Procedure
2646,C0189485,LUNG BIOPSY,CCPSS,Diagnostic Procedure
2647,C0189485,lung biopsy,CHV,Diagnostic Procedure
2648,C0189485,Lung biopsy,MDR,Diagnostic Procedure
2649,C0178913,Blood sample,RCD,Body Substance
2650,C0178913,blood sample,CHV,Body Substance
2651,C0178913,Blood sample,SNOMEDCT_US,Body Substance
2652,C0178913,Blood Sample,NCI,Body Substance
2653,C0008520,Choroid,LCH,"Body Part, Organ, or Organ Component"
2654,C0008520,Choroid,MSH,"Body Part, Organ, or Organ Component"
2655,C0008520,Choroid,MTH,"Body Part, Organ, or Organ Component"
2656,C0008520,Choroid,RCD,"Body Part, Organ, or Organ Component"
2657,C0008520,Choroid,SNM,"Body Part, Organ, or Organ Component"
2658,C0008520,Choroid,UWDA,"Body Part, Organ, or Organ Component"
2659,C0008520,Choroid,FMA,"Body Part, Organ, or Organ Component"
2660,C0008520,choroid,CHV,"Body Part, Organ, or Organ Component"
2661,C0008520,Choroid,LCH_NW,"Body Part, Organ, or Organ Component"
2662,C0008520,Choroid,PSY,"Body Part, Organ, or Organ Component"
2663,C0008520,Choroid,NCI,"Body Part, Organ, or Organ Component"
2686,C0029250,Organoid,MSH,Tissue
2687,C0029250,organoid,CHV,Tissue
2688,C0029250,Organoid,NCI,Tissue
2689,C0032043,Placenta,CST,Embryonic Structure
2690,C0032043,Placenta,LCH,Embryonic Structure
2691,C0032043,Placenta,MSH,Embryonic Structure
2692,C0032043,Placenta,RCD,Embryonic Structure
2693,C0032043,Placenta,SNM,Embryonic Structure
2694,C0032043,placenta,AOD,Embryonic Structure
2695,C0032043,placenta,CSP,Embryonic Structure
2696,C0032043,Placenta,MTH,Embryonic Structure
2697,C0032043,Placenta,FMA,Embryonic Structure
2698,C0032043,Placenta,LNC,Embryonic Structure
2699,C0032043,placenta,CHV,Embryonic Structure
2701,C0032043,Placenta,LCH_NW,Embryonic Structure
2704,C0032043,Placenta,SNOMEDCT_US,Embryonic Structure
2707,C4266528,Placenta,LNC,"Body Part, Organ, or Organ Component"
2708,C0032043,Placenta,PSY,Embryonic Structure
2709,C0032043,Placenta,NCI,Embryonic Structure
2710,C1550656,Placenta,HL7V3.0,Body Substance
2711,C0032043,Placenta,HL7V2.5,Embryonic Structure
2712,C1546742,Placenta,HL7V2.5,Intellectual Product
2717,C4249161,Embryo head,FMA,Embryonic Structure
2749,C0227327,Terminal ileum,RCD,Body Location or Region
2750,C0227327,Terminal ileum,SNM,Body Location or Region
2751,C0227327,Terminal ileum,SNMI,Body Location or Region
2752,C0227327,Terminal ileum,FMA,Body Location or Region
2753,C0227327,terminal ileum,CHV,Body Location or Region
2754,C0227327,Terminal ileum,UWDA,Body Location or Region
2755,C0227327,Terminal ileum,SNOMEDCT_US,Body Location or Region
2756,C0227327,Terminal Ileum,NCI,Body Location or Region
2757,C3658289,hiPSC,MSH,Cell
2763,C0006121,brainstem,AOD,"Body Part, Organ, or Organ Component"
2764,C0006121,Brainstem,FMA,"Body Part, Organ, or Organ Component"
2765,C1306665,Brainstem,RCD,"Body Part, Organ, or Organ Component"
2766,C0006121,Brainstem,NCI,"Body Part, Organ, or Organ Component"
2767,C0006121,brainstem,CHV,"Body Part, Organ, or Organ Component"
2768,C0006121,brainstem,NEU,"Body Part, Organ, or Organ Component"
2769,C0006121,Brainstem,MSH,"Body Part, Organ, or Organ Component"
2773,C0041633,Umbilical Cord,MSH,Embryonic Structure
2774,C0041633,Umbilical cord,LCH,Embryonic Structure
2775,C0041633,Umbilical cord,RCD,Embryonic Structure
2776,C0041633,Umbilical cord,SNM,Embryonic Structure
2777,C0041633,umbilical cord,AOD,Embryonic Structure
2778,C0041633,umbilical cord,CSP,Embryonic Structure
2779,C0041633,UMBILICAL CORD,SNMI,Embryonic Structure
2780,C0041633,Umbilical cord,FMA,Embryonic Structure
2781,C0041633,Umbilical cord,LNC,Embryonic Structure
2782,C0041633,umbilical cord,CHV,Embryonic Structure
2784,C0041633,Umbilical cord,LCH_NW,Embryonic Structure
2786,C0041633,Umbilical cord,SNOMEDCT_US,Embryonic Structure
2788,C0041633,Umbilical Cord,NCI,Embryonic Structure
2803,C0039099,Synovial Membrane,MSH,"Body Part, Organ, or Organ Component"
2804,C0039099,Synovial membrane,RCD,"Body Part, Organ, or Organ Component"
2805,C0039099,Synovial membrane,SNM,"Body Part, Organ, or Organ Component"
2806,C0039099,Synovial membrane,UWDA,"Body Part, Organ, or Organ Component"
2807,C0039099,synovial membrane,AOD,"Body Part, Organ, or Organ Component"
2808,C0039099,synovial membrane,CSP,"Body Part, Organ, or Organ Component"
2809,C0039099,Synovial membrane,FMA,"Body Part, Organ, or Organ Component"
2810,C0039099,synovial membrane,CHV,"Body Part, Organ, or Organ Component"
2811,C0039099,Synovial membrane,SNOMEDCT_US,"Body Part, Organ, or Organ Component"
2812,C0039099,Synovial Membrane,MTH,"Body Part, Organ, or Organ Component"
2813,C0039099,Synovial Membrane,NCI,"Body Part, Organ, or Organ Component"
2814,C0225385,Respiratory epithelium,SNM,Tissue
2815,C0225385,respiratory epithelium,CSP,Tissue
2816,C0225385,respiratory epithelium,CHV,Tissue
2817,C0225385,Respiratory epithelium,SNOMEDCT_US,Tissue
2818,C0225385,Respiratory Epithelium,MSH,Tissue
2819,C0599332,olfactory epithelium,AOD,Tissue
2820,C0599332,olfactory epithelium,CSP,Tissue
2821,C0599332,Olfactory epithelium,FMA,Tissue
2822,C0599332,olfactory epithelium,CHV,Tissue
2823,C0599332,Olfactory epithelium,UWDA,Tissue
2824,C0028937,olfactory epithelium,NEU,Tissue
2825,C0599332,Olfactory Epithelium,MTH,Tissue
2826,C0599332,Olfactory Epithelium,NCI,Tissue
2827,C0599332,Olfactory Epithelium,MSH,Tissue
2828,C0014876,Esophagus,LCH,"Body Part, Organ, or Organ Component"
2829,C0014876,Esophagus,MSH,"Body Part, Organ, or Organ Component"
2830,C0014876,Esophagus,MTH,"Body Part, Organ, or Organ Component"
2831,C0014876,Esophagus,MTHMST,"Body Part, Organ, or Organ Component"
2832,C0014876,Esophagus,RCDAE,"Body Part, Organ, or Organ Component"
2833,C0014876,Esophagus,SNM,"Body Part, Organ, or Organ Component"
2835,C0014876,Esophagus,UWDA,"Body Part, Organ, or Organ Component"
2836,C0014876,ESOPHAGUS,SNMI,"Body Part, Organ, or Organ Component"
2837,C0014876,esophagus,AOD,"Body Part, Organ, or Organ Component"
2838,C0014876,esophagus,CSP,"Body Part, Organ, or Organ Component"
2839,C0014876,Esophagus,FMA,"Body Part, Organ, or Organ Component"
2840,C0014876,Esophagus,LNC,"Body Part, Organ, or Organ Component"
2841,C0014876,esophagus,CHV,"Body Part, Organ, or Organ Component"
2844,C0014876,Esophagus,LCH_NW,"Body Part, Organ, or Organ Component"
2847,C0014876,Esophagus,SNOMEDCT_US,"Body Part, Organ, or Organ Component"
2848,C4266613,Esophagus,LNC,"Body Part, Organ, or Organ Component"
2850,C0014876,Esophagus,PSY,"Body Part, Organ, or Organ Component"
2851,C0014876,Esophagus,NCI,"Body Part, Organ, or Organ Component"
2852,C0014876,Esophagus,HL7V2.5,"Body Part, Organ, or Organ Component"
2853,C0024623,gastric cancer,AOD,Neoplastic Process
2854,C0024623,gastric cancer,BI,Neoplastic Process
2855,C0024623,Gastric cancer,RCD,Neoplastic Process
2857,C0024623,gastric cancer,MEDCIN,Neoplastic Process
2858,C0024623,GASTRIC CANCER,CCPSS,Neoplastic Process
2860,C0024623,gastric cancer,CHV,Neoplastic Process
2861,C0024623,GASTRIC CANCER,OMIM,Neoplastic Process
2862,C0024623,Gastric cancer,MEDLINEPLUS,Neoplastic Process
2863,C0024623,Gastric Cancer,MEDLINEPLUS,Neoplastic Process
2864,C0024623,Gastric cancer,HPO,Neoplastic Process
2865,C0024623,Gastric cancer,MDR,Neoplastic Process
2866,C0024623,Gastric Cancer,MSH,Neoplastic Process
2867,C0024623,Gastric cancer,OMIM,Neoplastic Process
2868,C0024623,Gastric Cancer,LNC,Neoplastic Process
2870,C0024623,Gastric cancer,SNOMEDCT_US,Neoplastic Process
2871,C0024623,gastric cancer,PDQ,Neoplastic Process
2872,C0024623,gastric cancer,CSP,Neoplastic Process
2873,C0699791,Gastric Cancer,NCI,Neoplastic Process
2874,C0024623,Gastric cancer,MTHICD9,Neoplastic Process
2875,C0349639,juvenile myelomonocytic leukemia (JMML),CHV,Neoplastic Process
2876,C0868971,human embryo,CHV,Embryonic Structure
2877,C0868971,Human embryo,LCH,Embryonic Structure
2878,C0868971,Human embryo,MTH,Embryonic Structure
2879,C0224444,Vastus Lateralis,NCI,"Body Part, Organ, or Organ Component"
2880,C1321539,Vastus lateralis,RCD,"Body Part, Organ, or Organ Component"
2881,C0224444,Vastus lateralis,UWDA,"Body Part, Organ, or Organ Component"
2882,C0224444,Vastus lateralis,FMA,"Body Part, Organ, or Organ Component"
2883,C0224444,vastus lateralis,CHV,"Body Part, Organ, or Organ Component"
2884,C0224444,Vastus Lateralis,MSH,"Body Part, Organ, or Organ Component"
2885,C0224444,Vastus Lateralis,HL7V2.5,"Body Part, Organ, or Organ Component"
2906,C0225777,Parietal pleura,RCD,"Body Part, Organ, or Organ Component"
2907,C0225777,Parietal pleura,SNM,"Body Part, Organ, or Organ Component"
2908,C0225777,Parietal pleura,SNMI,"Body Part, Organ, or Organ Component"
2909,C0225777,Parietal pleura,UWDA,"Body Part, Organ, or Organ Component"
2910,C0225777,Parietal pleura,FMA,"Body Part, Organ, or Organ Component"
2911,C0225777,Parietal Pleura,MSH,"Body Part, Organ, or Organ Component"
2912,C0225777,Parietal pleura,SNOMEDCT_US,"Body Part, Organ, or Organ Component"
2913,C0225777,Parietal pleura,MTH,"Body Part, Organ, or Organ Component"
2914,C0225777,Parietal Pleura,NCI,"Body Part, Organ, or Organ Component"
2915,C0332134,PDX,SNMI,Qualitative Concept
2916,C0332134,pdx,CHV,Qualitative Concept
2917,C4050317,PDX,NCI,Experimental Model of Disease
2918,C1721300,PDX,DRUGBANK,Organic Chemical
2919,C1721300,PDX,DRUGBANK,Pharmacologic Substance
2920,C1721300,PDX,PDQ,Organic Chemical
2921,C1721300,PDX,PDQ,Pharmacologic Substance
2922,C0332134,PDX,SNOMEDCT_US,Qualitative Concept
2923,C1418724,PDX,HGNC,Gene or Genome
2924,C0230306,Uterosacral ligament,RCD,"Body Part, Organ, or Organ Component"
2925,C0230306,Uterosacral ligament,SNM,"Body Part, Organ, or Organ Component"
2926,C0230306,Uterosacral ligament,SNMI,"Body Part, Organ, or Organ Component"
2927,C0230306,Uterosacral ligament,UWDA,"Body Part, Organ, or Organ Component"
2928,C0230306,Uterosacral ligament,FMA,"Body Part, Organ, or Organ Component"
2929,C0230306,uterosacral ligament,CHV,"Body Part, Organ, or Organ Component"
2930,C0230306,Uterosacral ligament,SNOMEDCT_US,"Body Part, Organ, or Organ Component"
2931,C0230306,Uterosacral ligament,LNC,"Body Part, Organ, or Organ Component"
2932,C0193388,Liver Biopsy,NCI,Diagnostic Procedure
2933,C0193388,liver biopsy,MEDCIN,Diagnostic Procedure
2934,C0193388,LIVER BIOPSY,CCPSS,Diagnostic Procedure
2935,C0193388,liver biopsy,CHV,Diagnostic Procedure
2936,C0193388,Liver biopsy,MDR,Diagnostic Procedure
2937,C0193388,Liver biopsy,CCSR_ICD10PCS,Diagnostic Procedure
2938,C1548877,Liver Biopsy,HL7V2.5,Health Care Activity
2947,C0086447,Ileal pouch,SNOMEDCT_US,Acquired Abnormality
2948,C0227375,Ascending colon,MTH,"Body Part, Organ, or Organ Component"
2949,C0227375,Ascending colon,MTHMST,"Body Part, Organ, or Organ Component"
2950,C0227375,Ascending colon,RCD,"Body Part, Organ, or Organ Component"
2951,C0227375,Ascending colon,SNM,"Body Part, Organ, or Organ Component"
2952,C0227375,Ascending colon,SNMI,"Body Part, Organ, or Organ Component"
2953,C0227375,Ascending colon,UWDA,"Body Part, Organ, or Organ Component"
2954,C0227375,ascending colon,AOD,"Body Part, Organ, or Organ Component"
2955,C0227375,ascending colon,CSP,"Body Part, Organ, or Organ Component"
2956,C0227375,Ascending colon,FMA,"Body Part, Organ, or Organ Component"
2957,C0227375,ascending colon,CHV,"Body Part, Organ, or Organ Component"
2958,C0227375,Ascending colon,LNC,"Body Part, Organ, or Organ Component"
2959,C0227375,Ascending Colon,MSH,"Body Part, Organ, or Organ Component"
2960,C0227375,Ascending colon,SNOMEDCT_US,"Body Part, Organ, or Organ Component"
2961,C0227375,Ascending Colon,NCI,"Body Part, Organ, or Organ Component"
2985,C1272460,Not Applicable,NCI,Qualitative Concept
2986,C1272460,not applicable,NCI,Qualitative Concept
2987,C1272460,Not Applicable,MTH,Qualitative Concept
2988,C1705113,Not Applicable,NCI,Qualitative Concept
2989,C1272460,Not applicable,LNC,Qualitative Concept
2990,C1272460,Not applicable,SNOMEDCT_US,Qualitative Concept
2992,C1549103,Not applicable,HL7V2.5,Organism Attribute
2993,C1610595,Not applicable,HL7V2.5,Idea or Concept
2994,C1609491,Not Applicable,HL7V2.5,Idea or Concept
2995,C1547280,Not Applicable,HL7V2.5,Intellectual Product
2996,C1619691,not applicable,HL7V2.5,Idea or Concept
2997,C1272460,not applicable,HL7V3.0,Qualitative Concept
2998,C1611147,Not applicable,HL7V2.5,Idea or Concept
2999,C1610044,Not Applicable,HL7V2.5,Idea or Concept
3000,C0834854,Articular cartilage of talus,FMA,"Body Part, Organ, or Organ Component"
3001,C0834854,Articular cartilage of talus,UWDA,"Body Part, Organ, or Organ Component"
3002,C1744553,Great auricular nerve,RCD,"Body Part, Organ, or Organ Component"
3003,C1744553,Great auricular nerve,UWDA,"Body Part, Organ, or Organ Component"
3004,C1744553,Great auricular nerve,SNOMEDCT_US,"Body Part, Organ, or Organ Component"
3005,C1744553,Great auricular nerve,FMA,"Body Part, Organ, or Organ Component"
3006,C1744553,great auricular nerve,CHV,"Body Part, Organ, or Organ Component"
3007,C0027859,Vestibular schwannoma,RCD,Neoplastic Process
3008,C0027859,Vestibular schwannoma,OMIM,Neoplastic Process
3009,C0027859,vestibular schwannoma,CHV,Neoplastic Process
3010,C0027859,Vestibular schwannoma,MEDLINEPLUS,Neoplastic Process
3011,C0027859,Vestibular Schwannoma,MEDLINEPLUS,Neoplastic Process
3012,C0027859,Vestibular Schwannoma,OMIM,Neoplastic Process
3013,C0027859,Vestibular Schwannoma,MSH,Neoplastic Process
3014,C0027859,vestibular schwannoma,PDQ,Neoplastic Process
3015,C0027859,Vestibular schwannoma,SNOMEDCT_US,Neoplastic Process
3016,C0027859,Vestibular schwannoma,MDR,Neoplastic Process
3017,C0027859,Vestibular Schwannoma,NCI,Neoplastic Process
3018,C0027859,Vestibular schwannoma,HPO,Neoplastic Process
3019,C0027859,Vestibular schwannoma,ORPHANET,Neoplastic Process
3020,C0280788,Anaplastic ependymoma,RCD,Neoplastic Process
3021,C0280788,Anaplastic ependymoma,MDR,Neoplastic Process
3022,C0280788,Anaplastic Ependymoma,MSH,Neoplastic Process
3023,C0280788,Anaplastic ependymoma,ORPHANET,Neoplastic Process
3024,C0280788,Anaplastic Ependymoma,NCI,Neoplastic Process
3025,C0280788,Anaplastic Ependymoma,MTH,Neoplastic Process
3026,C5667328,Diffuse Midline Glioma,NCI,Neoplastic Process
3027,C3850017,Endothelial Progenitor Cells,MSH,Cell
3028,C3850017,Endothelial Progenitor Cells,MTH,Cell
3029,C0011399,Dental Pulp,MSH,"Body Part, Organ, or Organ Component"
3030,C0011399,Dental pulp,LCH,"Body Part, Organ, or Organ Component"
3031,C0011399,Dental pulp,UWDA,"Body Part, Organ, or Organ Component"
3032,C0011399,dental pulp,CSP,"Body Part, Organ, or Organ Component"
3033,C0011399,Dental pulp,FMA,"Body Part, Organ, or Organ Component"
3034,C0011399,dental pulp,CHV,"Body Part, Organ, or Organ Component"
3035,C0011399,Dental pulp,LCH_NW,"Body Part, Organ, or Organ Component"
3036,C0011399,Dental Pulp,MTH,"Body Part, Organ, or Organ Component"
3037,C0011399,Dental Pulp,NCI,"Body Part, Organ, or Organ Component"
3038,C0040578,Trachea,LCH,"Body Part, Organ, or Organ Component"
3039,C0040578,Trachea,MSH,"Body Part, Organ, or Organ Component"
3040,C0040578,Trachea,MTH,"Body Part, Organ, or Organ Component"
3041,C0040578,Trachea,RCD,"Body Part, Organ, or Organ Component"
3042,C0040578,Trachea,SNM,"Body Part, Organ, or Organ Component"
3044,C0040578,Trachea,UWDA,"Body Part, Organ, or Organ Component"
3045,C0040578,TRACHEA,SNMI,"Body Part, Organ, or Organ Component"
3046,C0040578,trachea,AOD,"Body Part, Organ, or Organ Component"
3047,C0040578,trachea,CSP,"Body Part, Organ, or Organ Component"
3048,C0869708,trachea,MEDCIN,Health Care Activity
3049,C0040578,Trachea,FMA,"Body Part, Organ, or Organ Component"
3050,C0040578,Trachea,ICF,"Body Part, Organ, or Organ Component"
3051,C0040578,Trachea,ICF-CY,"Body Part, Organ, or Organ Component"
3052,C0040580,Trachea,ICD10CM,Disease or Syndrome
3053,C0040578,Trachea,LNC,"Body Part, Organ, or Organ Component"
3054,C0040578,trachea,CHV,"Body Part, Organ, or Organ Component"
3055,C3146235,Trachea,NCBI,Eukaryote
3056,C0040578,Trachea,LCH_NW,"Body Part, Organ, or Organ Component"
3058,C0040578,Trachea,SNOMEDCT_US,"Body Part, Organ, or Organ Component"
3060,C4299086,Trachea,LNC,"Body Part, Organ, or Organ Component"
3062,C0040578,Trachea,PSY,"Body Part, Organ, or Organ Component"
3063,C0040578,Trachea,NCI,"Body Part, Organ, or Organ Component"
3064,C0025462,Midbrain,RCD,"Body Part, Organ, or Organ Component"
3065,C0025462,Midbrain,SNM,"Body Part, Organ, or Organ Component"
3067,C0025462,MIDBRAIN,SNMI,"Body Part, Organ, or Organ Component"
3068,C0025462,midbrain,AOD,"Body Part, Organ, or Organ Component"
3069,C0025462,midbrain,CSP,"Body Part, Organ, or Organ Component"
3070,C0025462,Midbrain,FMA,"Body Part, Organ, or Organ Component"
3071,C0025462,midbrain,CHV,"Body Part, Organ, or Organ Component"
3072,C0025462,midbrain,NEU,"Body Part, Organ, or Organ Component"
3073,C0025462,Midbrain,MSH,"Body Part, Organ, or Organ Component"
3074,C0025462,Midbrain,SNOMEDCT_US,"Body Part, Organ, or Organ Component"
3075,C0025462,Midbrain,PSY,"Body Part, Organ, or Organ Component"
3076,C0025462,Midbrain,NCI,"Body Part, Organ, or Organ Component"
3077,C5554878,Single Cell,NCI,Cell
3078,C0279543,Chronic myelogenous leukemia,SNM,Neoplastic Process
3079,C0279543,Chronic myelogenous leukemia,SNMI,Neoplastic Process
3080,C0279543,Chronic Myelogenous Leukemia,MSH,Neoplastic Process
3081,C0279543,chronic myelogenous leukemia,BI,Neoplastic Process
3082,C0279543,chronic myelogenous leukemia,CSP,Neoplastic Process
3083,C0279543,Chronic myelogenous leukemia,OMIM,Neoplastic Process
3084,C0279543,chronic myelogenous leukemia,MEDCIN,Neoplastic Process
3085,C1292771,Chronic Myelogenous Leukemia,NCI,Neoplastic Process
3086,C0279543,chronic myelogenous leukemia,CHV,Neoplastic Process
3087,C0279543,Chronic myelogenous leukemia,MEDLINEPLUS,Neoplastic Process
3088,C0279543,Chronic Myelogenous Leukemia,MEDLINEPLUS,Neoplastic Process
3089,C0279543,Chronic myelogenous leukemia,HPO,Neoplastic Process
3090,C0279543,Chronic myelogenous leukemia,MDR,Neoplastic Process
3091,C0279543,Chronic myelogenous leukemia,LNC,Neoplastic Process
3092,C0279543,Chronic myelogenous leukemia,SNOMEDCT_US,Neoplastic Process
3093,C0279543,Chronic myelogenous leukemia,ORPHANET,Neoplastic Process
3094,C0279543,chronic myelogenous leukemia,PDQ,Neoplastic Process
3095,C0191321,skin punch biopsy,CHV,Diagnostic Procedure
3096,C0191321,skin punch biopsy,MEDCIN,Diagnostic Procedure
3097,C0191321,Skin punch biopsy,MDR,Diagnostic Procedure
3098,C0229320,Auricular cartilage,RCD,"Body Part, Organ, or Organ Component"
3099,C0229320,Auricular cartilage,SNM,"Body Part, Organ, or Organ Component"
3100,C0229320,Auricular cartilage,SNMI,"Body Part, Organ, or Organ Component"
3101,C0229320,Auricular cartilage,UWDA,"Body Part, Organ, or Organ Component"
3102,C0229320,auricular cartilage,AOD,"Body Part, Organ, or Organ Component"
3103,C0229320,Auricular cartilage,FMA,"Body Part, Organ, or Organ Component"
3104,C0229320,Auricular Cartilage,MSH,"Body Part, Organ, or Organ Component"
3105,C0229320,Auricular cartilage,SNOMEDCT_US,"Body Part, Organ, or Organ Component"
3106,C0007117,Basal cell carcinoma,ICPC2P,Neoplastic Process
3107,C4721806,Basal cell carcinoma,MDR,Neoplastic Process
3108,C0007117,Basal cell carcinoma,RCD,Neoplastic Process
3109,C4721806,Basal cell carcinoma,SNM,Neoplastic Process
3110,C0007117,BASAL CELL CARCINOMA,CCPSS,Neoplastic Process
3111,C4721806,BASAL CELL CARCINOMA,CST,Neoplastic Process
3112,C0007117,BASAL CELL CARCINOMA,DXP,Neoplastic Process
3113,C4721806,BASAL CELL CARCINOMA,WHO,Neoplastic Process
3114,C4721806,Basal Cell Carcinoma,MSH,Neoplastic Process
3115,C4721806,basal cell carcinoma,AOD,Neoplastic Process
3116,C0007117,basal cell carcinoma,BI,Neoplastic Process
3117,C4721806,basal cell carcinoma,CSP,Neoplastic Process
3118,C0007117,Basal cell carcinoma,OMIM,Neoplastic Process
3119,C4721806,basal cell carcinoma,CHV,Neoplastic Process
3120,C0007117,Basal Cell Carcinoma,MEDLINEPLUS,Neoplastic Process
3121,C4721806,Basal cell carcinoma,SNOMEDCT_VET,Neoplastic Process
3122,C0007117,Basal cell carcinoma,LCH_NW,Neoplastic Process
3123,C4721806,Basal cell carcinoma,HPO,Neoplastic Process
3125,C0007117,Basal cell carcinoma,SNOMEDCT_US,Neoplastic Process
3126,C0007117,Basal Cell Carcinoma,NCI,Neoplastic Process
3127,C0007117,Basal cell carcinoma,MTH,Neoplastic Process
3128,C4721806,Basal Cell Carcinoma,NCI,Neoplastic Process
3129,C1547219,Basal cell carcinoma,HL7V2.5,Intellectual Product
3130,C0007117,basal cell carcinoma,ICPC2P,Neoplastic Process
3131,C0037284,SKIN LESION,CCPSS,Disease or Syndrome
3132,C0037284,SKIN LESION,COSTAR,Disease or Syndrome
3133,C0037284,Skin lesion,RCD,Disease or Syndrome
3134,C0037284,skin lesion,CHV,Disease or Syndrome
3135,C0037284,Skin lesion,MDR,Disease or Syndrome
3137,C0037284,Skin Lesion,NCI,Disease or Syndrome
3138,C0037284,Skin lesion,SNOMEDCT_US,Disease or Syndrome
3139,C0031110,Periosteum,LCH,Tissue
3140,C0031110,Periosteum,MSH,Tissue
3141,C0031110,Periosteum,MTH,Tissue
3142,C0031110,Periosteum,SNM,Tissue
3143,C0031110,Periosteum,SNMI,Tissue
3144,C0031110,Periosteum,UWDA,Tissue
3145,C0031110,periosteum,AOD,Tissue
3146,C0031110,periosteum,CSP,Tissue
3147,C0151846,periosteum,CST,Disease or Syndrome
3148,C0031110,Periosteum,FMA,Tissue
3149,C0031110,periosteum,CHV,Tissue
3150,C0151846,periosteum,CHV,Disease or Syndrome
3151,C0031110,Periosteum,LCH_NW,Tissue
3152,C0031110,Periosteum,SNOMEDCT_US,Tissue
3153,C0031110,Periosteum,NCI,Tissue
3154,C0007600,Cell lines,LCH,Cell
3155,C0007600,Cell Lines,MSH,Cell
3156,C0007600,cell lines,CHV,Cell
3157,C0007600,Cell lines,LCH_NW,Cell
3158,C0015450,Face,LCH,Body Location or Region
3159,C0015450,Face,MSH,Body Location or Region
3160,C0015450,Face,MTH,Body Location or Region
3162,C0015450,Face,RCD,Body Location or Region
3163,C0015450,Face,SNM,Body Location or Region
3164,C0015450,Face,UWDA,Body Location or Region
3165,C0015450,face,AOD,Body Location or Region
3166,C0015450,face,CSP,Body Location or Region
3167,C0015450,FACE,CCPSS,Body Location or Region
3168,C0015450,Face,OMIM,Body Location or Region
3169,C1423759,FACE,OMIM,Gene or Genome
3170,C0015450,Face,FMA,Body Location or Region
3171,C2828055,FACE,NCI,Gene or Genome
3172,C0015450,Face,LNC,Body Location or Region
3173,C0015450,face,CHV,Body Location or Region
3175,C0015450,Face,LCH_NW,Body Location or Region
3176,C3160739,FACE,OMIM,Disease or Syndrome
3178,C4284034,Face,NCI,Qualitative Concept
3179,C0015450,Face,SNOMEDCT_US,Body Location or Region
3181,C1414531,FACE,HGNC,Gene or Genome
3182,C4266571,Face,LNC,Body Location or Region
3184,C0015450,Face,NCI,Body Location or Region
3185,C0015450,Face,HL7V2.5,Body Location or Region
3227,C0558145,Normal skin,OMIM,Finding
3228,C0558145,Normal Skin,NCI,Finding
3229,C0558145,normal skin,CHV,Finding
3230,C0036270,Scalp,LCH,"Body Part, Organ, or Organ Component"
3231,C0036270,Scalp,MSH,"Body Part, Organ, or Organ Component"
3232,C0036270,Scalp,MTH,"Body Part, Organ, or Organ Component"
3233,C0036270,Scalp,RCD,"Body Part, Organ, or Organ Component"
3234,C0036270,Scalp,SNM,"Body Part, Organ, or Organ Component"
3235,C0036270,Scalp,UWDA,"Body Part, Organ, or Organ Component"
3236,C0036270,scalp,AOD,"Body Part, Organ, or Organ Component"
3237,C0036270,scalp,CSP,"Body Part, Organ, or Organ Component"
3238,C0036270,Scalp,FMA,"Body Part, Organ, or Organ Component"
3239,C0036270,Scalp,LNC,"Body Part, Organ, or Organ Component"
3240,C0036270,scalp,CHV,"Body Part, Organ, or Organ Component"
3241,C0036270,Scalp,NCI,"Body Part, Organ, or Organ Component"
3243,C0036270,Scalp,LCH_NW,"Body Part, Organ, or Organ Component"
3245,C0036270,Scalp,SNOMEDCT_US,"Body Part, Organ, or Organ Component"
3247,C0036270,Scalp,HL7V2.5,"Body Part, Organ, or Organ Component"
3248,C0220633,Uveal melanoma,MSH,Neoplastic Process
3249,C0220633,uveal melanoma,CHV,Neoplastic Process
3250,C0220633,Uveal melanoma,OMIM,Neoplastic Process
3251,C0220633,Uveal melanoma,SNOMEDCT_VET,Neoplastic Process
3252,C0220633,Uveal melanoma,MDR,Neoplastic Process
3254,C0220633,Uveal melanoma,HPO,Neoplastic Process
3255,C0220633,Uveal melanoma,ORPHANET,Neoplastic Process
3256,C0220633,Uveal melanoma,MTH,Neoplastic Process
3257,C0220633,uveal melanoma,PDQ,Neoplastic Process
3258,C0220633,Uveal Melanoma,NCI,Neoplastic Process
3276,C0242379,lung cancer,AOD,Neoplastic Process
3277,C0242379,lung cancer,BI,Neoplastic Process
3278,C0242379,Lung cancer,RCD,Neoplastic Process
3279,C0242379,LUNG CANCER,OMIM,Neoplastic Process
3280,C0242379,lung cancer,MEDCIN,Neoplastic Process
3281,C0242379,LUNG CANCER,CCPSS,Neoplastic Process
3283,C0242379,lung cancer,CHV,Neoplastic Process
3284,C0242379,Lung Cancer,MEDLINEPLUS,Neoplastic Process
3285,C0242379,Lung cancer,LNC,Neoplastic Process
3286,C0242379,Lung cancer,MDR,Neoplastic Process
3287,C0242379,Lung cancer,HPO,Neoplastic Process
3288,C0242379,Lung cancer,SNOMEDCT_US,Neoplastic Process
3289,C0684249,lung cancer,PDQ,Neoplastic Process
3290,C0242379,lung cancer,CSP,Neoplastic Process
3293,C0684249,Lung Cancer,NCI,Neoplastic Process
3294,C0242379,Lung Cancer,MSH,Neoplastic Process
3295,C0450295,Macula Lutea,MSH,"Body Part, Organ, or Organ Component"
3296,C0450295,Macula lutea,LCH,"Body Part, Organ, or Organ Component"
3297,C0450295,Macula lutea,SNM,"Body Part, Organ, or Organ Component"
3298,C0450295,Macula lutea,SNMI,"Body Part, Organ, or Organ Component"
3299,C0450295,Macula lutea,UWDA,"Body Part, Organ, or Organ Component"
3300,C0450295,Macula lutea,FMA,"Body Part, Organ, or Organ Component"
3301,C0450295,macula lutea,CHV,"Body Part, Organ, or Organ Component"
3302,C0450295,Macula lutea,LCH_NW,"Body Part, Organ, or Organ Component"
3303,C0450295,Macula lutea,SNOMEDCT_US,"Body Part, Organ, or Organ Component"
3304,C0450295,Macula Lutea,NCI,"Body Part, Organ, or Organ Component"
3305,C0450295,Macula Lutea,MTH,"Body Part, Organ, or Organ Component"
3310,C1511243,Mouse Bone Marrow,NCI,Tissue
3311,C0011135,BM,MEDLINEPLUS,Organism Function
3312,C0021853,Intestine,MSH,"Body Part, Organ, or Organ Component"
3313,C0021853,Intestine,RCD,"Body Part, Organ, or Organ Component"
3314,C0021853,Intestine,SNM,"Body Part, Organ, or Organ Component"
3315,C0021853,Intestine,UWDA,"Body Part, Organ, or Organ Component"
3316,C0021853,intestine,AOD,"Body Part, Organ, or Organ Component"
3317,C0021853,intestine,CSP,"Body Part, Organ, or Organ Component"
3318,C0021853,Intestine,FMA,"Body Part, Organ, or Organ Component"
3319,C0021853,Intestine,LNC,"Body Part, Organ, or Organ Component"
3320,C0021853,intestine,CHV,"Body Part, Organ, or Organ Component"
3321,C0021853,Intestine,SNOMEDCT_VET,"Body Part, Organ, or Organ Component"
3324,C0021853,Intestine,NCI,"Body Part, Organ, or Organ Component"
3325,C0021853,Intestine,HL7V2.5,"Body Part, Organ, or Organ Component"
3326,C3714787,CNS,AOD,Body System
3327,C3714787,CNS,CSP,Body System
3328,C3714787,CNS,FMA,Body System
3329,C3714787,CNS,NCI,Body System
3330,C0028654,CNS,NCI,Professional or Occupational Group
3331,C1517163,Fetal Lung,NCI,Embryonic Structure
3332,C0008508,Placental Villi,MSH,Embryonic Structure
3333,C0011106,Decidua,LCH,"Body Part, Organ, or Organ Component"
3334,C0011106,Decidua,MSH,"Body Part, Organ, or Organ Component"
3335,C0011106,Decidua,SNM,"Body Part, Organ, or Organ Component"
3336,C0011106,decidua,CSP,"Body Part, Organ, or Organ Component"
3337,C0011106,Decidua,MTH,"Body Part, Organ, or Organ Component"
3338,C0011106,Decidua,FMA,"Body Part, Organ, or Organ Component"
3339,C0011106,decidua,CHV,"Body Part, Organ, or Organ Component"
3340,C0011106,Decidua,LCH_NW,"Body Part, Organ, or Organ Component"
3341,C0011106,Decidua,SNOMEDCT_US,"Body Part, Organ, or Organ Component"
3342,C0011106,Decidua,NCI,"Body Part, Organ, or Organ Component"
3343,C0017562,Gingiva,MSH,Tissue
3344,C0017562,Gingiva,MTH,Tissue
3345,C0017562,Gingiva,RCD,Tissue
3346,C0017562,Gingiva,SNM,Tissue
3347,C0017562,Gingiva,UWDA,Tissue
3348,C0017562,gingiva,CSP,Tissue
3349,C0017562,Gingiva,FMA,Tissue
3350,C0017562,Gingiva,LNC,Tissue
3351,C0017562,gingiva,CHV,Tissue
3353,C0017562,Gingiva,SNOMEDCT_US,Tissue
3355,C0017562,Gingiva,NCI,Tissue
3356,C0039597,Testicle,MSH,"Body Part, Organ, or Organ Component"
3357,C0039597,Testicle,UWDA,"Body Part, Organ, or Organ Component"
3358,C0039597,Testicle,FMA,"Body Part, Organ, or Organ Component"
3359,C0039597,TESTICLE,CCPSS,"Body Part, Organ, or Organ Component"
3360,C0039597,Testicle,LNC,"Body Part, Organ, or Organ Component"
3361,C0039597,testicle,CHV,"Body Part, Organ, or Organ Component"
3363,C0039597,Testicle,SNOMEDCT_US,"Body Part, Organ, or Organ Component"
3365,C0039597,Testicle,NCI,"Body Part, Organ, or Organ Component"
3366,C0205307,Normal,RCD,Qualitative Concept
3367,C0205307,Normal,SNMI,Qualitative Concept
3368,C1873497,Normal,OMIM,Finding
3369,C1704701,Normal,NCI,Quantitative Concept
3370,C0205307,NORMAL,CCPSS,Qualitative Concept
3371,C0205307,Normal,LNC,Qualitative Concept
3372,C0205307,normal,CHV,Qualitative Concept
3374,C1553406,normal,HL7V3.0,Qualitative Concept
3375,C0205307,Normal,SNOMEDCT_US,Qualitative Concept
3377,C0205307,Normal,NCI,Qualitative Concept
3378,C0205307,Normal,MTH,Qualitative Concept
3379,C0205307,Normal,HL7V2.5,Qualitative Concept
3380,C1550457,Normal,HL7V3.0,Finding
3381,C1551394,Normal,HL7V3.0,Finding
3383,C1550469,normal,HL7V3.0,Idea or Concept
3384,C1553386,normal,HL7V3.0,Intellectual Product
3385,C1553399,normal,HL7V3.0,Idea or Concept
3386,C1553402,normal,HL7V3.0,Idea or Concept
3388,C0023516,WBC,CCPSS,Cell
3389,C0023516,WBC,MTH,Cell
3390,C0023516,WBC,LNC,Cell
3391,C0023516,WBC,CHV,Cell
3392,C0023516,WBC,MDR,Cell
3393,C0281899,Lumbar disc herniation,OMIM,Acquired Abnormality
3394,C0281899,Lumbar disc herniation,MDR,Acquired Abnormality
3395,C0031118,peripheral nerve tumor,CHV,Neoplastic Process
3396,C0031118,Peripheral Nerve Tumor,PDQ,Neoplastic Process
3397,C0031118,Peripheral Nerve Tumor,NCI,Neoplastic Process
3398,C0031118,Peripheral Nerve Tumor,MSH,Neoplastic Process
3399,C1113687,human embryonic stem cell line,CSP,Cell
3429,C0029045,Oocyte,MSH,Cell
3430,C0029045,oocyte,CSP,Cell
3431,C0029045,Oocyte,FMA,Cell
3432,C0029045,oocyte,CHV,Cell
3433,C0029045,Oocyte,UWDA,Cell
3434,C0029045,Oocyte,SNOMEDCT_US,Cell
3435,C0029045,Oocyte,NCI,Cell
3436,C1522410,Apex,NCI,Qualitative Concept
3437,C3890171,apex,GO,Cell Component
3438,C1522410,Apex,LNC,Qualitative Concept
3439,C1332102,APEX,HGNC,Gene or Genome
3440,C0140145,APEX,NCI,"Amino Acid, Peptide, or Protein"
3441,C0140145,APEX,NCI,Enzyme
3442,C0225897,Left ventricle,RCD,"Body Part, Organ, or Organ Component"
3443,C0225897,Left ventricle,SNM,"Body Part, Organ, or Organ Component"
3444,C0225897,Left ventricle,UWDA,"Body Part, Organ, or Organ Component"
3445,C0225897,LEFT VENTRICLE,SNMI,"Body Part, Organ, or Organ Component"
3446,C0225897,left ventricle,AOD,"Body Part, Organ, or Organ Component"
3447,C0225897,Left ventricle,FMA,"Body Part, Organ, or Organ Component"
3448,C0225897,left ventricle,CHV,"Body Part, Organ, or Organ Component"
3449,C0225897,Left Ventricle,MSH,"Body Part, Organ, or Organ Component"
3450,C0225897,Left ventricle,SNOMEDCT_US,"Body Part, Organ, or Organ Component"
3451,C4266612,Left ventricle,LNC,"Body Part, Organ, or Organ Component"
3452,C0225897,Left Ventricle,NCI,"Body Part, Organ, or Organ Component"
3453,C0225883,Right ventricle,RCD,"Body Part, Organ, or Organ Component"
3454,C0225883,Right ventricle,SNM,"Body Part, Organ, or Organ Component"
3455,C0225883,Right ventricle,UWDA,"Body Part, Organ, or Organ Component"
3456,C0225883,RIGHT VENTRICLE,SNMI,"Body Part, Organ, or Organ Component"
3457,C0225883,right ventricle,AOD,"Body Part, Organ, or Organ Component"
3458,C0225883,Right ventricle,FMA,"Body Part, Organ, or Organ Component"
3459,C0225883,right ventricle,CHV,"Body Part, Organ, or Organ Component"
3460,C0225883,Right Ventricle,MSH,"Body Part, Organ, or Organ Component"
3461,C0225883,Right ventricle,SNOMEDCT_US,"Body Part, Organ, or Organ Component"
3462,C0225883,Right Ventricle,NCI,"Body Part, Organ, or Organ Component"
3463,C0225870,Interventricular septum,SNM,"Body Part, Organ, or Organ Component"
3464,C0225870,Interventricular septum,UWDA,"Body Part, Organ, or Organ Component"
3465,C0225870,Interventricular septum,FMA,"Body Part, Organ, or Organ Component"
3466,C0225870,interventricular septum,CHV,"Body Part, Organ, or Organ Component"
3467,C0225870,Interventricular septum,SNOMEDCT_US,"Body Part, Organ, or Organ Component"
3468,C0225870,Interventricular Septum,NCI,"Body Part, Organ, or Organ Component"
3495,C0025286,Meningioma,ICPC2P,Neoplastic Process
3496,C0025286,Meningioma,LCH,Neoplastic Process
3497,C0025286,Meningioma,MDR,Neoplastic Process
3498,C0025286,Meningioma,MSH,Neoplastic Process
3499,C0025286,Meningioma,RCD,Neoplastic Process
3500,C0025286,Meningioma,SNM,Neoplastic Process
3501,C0025286,MENINGIOMA,COSTAR,Neoplastic Process
3502,C0025286,MENINGIOMA,DXP,Neoplastic Process
3503,C0025286,MENINGIOMA,QMR,Neoplastic Process
3504,C0025286,meningioma,AOD,Neoplastic Process
3505,C0025286,meningioma,CSP,Neoplastic Process
3506,C0025286,Meningioma,OMIM,Neoplastic Process
3507,C0025286,Meningioma,MTH,Neoplastic Process
3508,C0025286,meningioma,MEDCIN,Neoplastic Process
3509,C0025286,meningioma,CHV,Neoplastic Process
3510,C0025286,Meningioma,MEDLINEPLUS,Neoplastic Process
3511,C0025286,Meningioma,LCH_NW,Neoplastic Process
3512,C0025286,MENINGIOMA,OMIM,Neoplastic Process
3514,C0025286,Meningioma,HPO,Neoplastic Process
3516,C0025286,meningioma,PDQ,Neoplastic Process
3517,C0025286,Meningioma,PDQ,Neoplastic Process
3518,C0281784,Meningioma,SNOMEDCT_VET,Neoplastic Process
3519,C0025286,Meningioma,ORPHANET,Neoplastic Process
3520,C0025286,Meningioma,NCI,Neoplastic Process
3521,C0025286,Meningioma,MTHICD9,Neoplastic Process
3522,C0025286,meningioma,ICPC2P,Neoplastic Process
3552,C0447962,Cranial bone,RCD,"Body Part, Organ, or Organ Component"
3553,C0037303,Cranial bone,FMA,"Body Part, Organ, or Organ Component"
3554,C3810054,tdl,HGNC,Gene or Genome
3555,C4521354,tdl,NCI,Gene or Genome
3591,C0206624,Hepatoblastoma,ICD10,Neoplastic Process
3592,C0206624,Hepatoblastoma,ICD10AM,Neoplastic Process
3594,C0206624,Hepatoblastoma,MSH,Neoplastic Process
3595,C0206624,Hepatoblastoma,RCD,Neoplastic Process
3596,C0206624,Hepatoblastoma,SNM,Neoplastic Process
3597,C0206624,Hepatoblastoma,SNMI,Neoplastic Process
3598,C0206624,HEPATOBLASTOMA,DXP,Neoplastic Process
3599,C0206624,hepatoblastoma,CSP,Neoplastic Process
3600,C0206624,Hepatoblastoma,OMIM,Neoplastic Process
3601,C0206624,hepatoblastoma,MEDCIN,Neoplastic Process
3602,C0206624,HEPATOBLASTOMA,OMIM,Neoplastic Process
3603,C0206624,Hepatoblastoma,MTH,Neoplastic Process
3604,C0206624,Hepatoblastoma,ICD10CM,Neoplastic Process
3605,C0206624,hepatoblastoma,CHV,Neoplastic Process
3606,C0206624,Hepatoblastoma,MEDLINEPLUS,Neoplastic Process
3608,C0206624,Hepatoblastoma,HPO,Neoplastic Process
3609,C0206624,Hepatoblastoma,MDR,Neoplastic Process
3610,C0206624,Hepatoblastoma,SNOMEDCT_US,Neoplastic Process
3613,C0206624,Hepatoblastoma,PDQ,Neoplastic Process
3614,C0206624,Hepatoblastoma,ORPHANET,Neoplastic Process
3615,C0206624,hepatoblastoma,ICPC2ICD10ENG,Neoplastic Process
3616,C0206624,Hepatoblastoma,NCI,Neoplastic Process
3617,C0206624,Hepatoblastoma,MTHICD9,Neoplastic Process
3618,C0238198,Gastrointestinal stromal tumors,OMIM,Neoplastic Process
3619,C0238198,Gastrointestinal Stromal Tumors,MTH,Neoplastic Process
3620,C0238198,gastrointestinal stromal tumors,CHV,Neoplastic Process
3621,C0238198,Gastrointestinal Stromal Tumors,MEDLINEPLUS,Neoplastic Process
3622,C0238198,Gastrointestinal stromal tumors,LCH_NW,Neoplastic Process
3623,C0238198,Gastrointestinal stromal tumors,HPO,Neoplastic Process
3624,C0238198,Gastrointestinal Stromal Tumors,MSH,Neoplastic Process
3625,C0039097,Synovia,FMA,Body Substance
3626,C0039097,synovia,CHV,Body Substance
3627,C0039097,Synovia,MSH,Body Substance
3628,C0039097,Synovia,SNOMEDCT_US,Body Substance
3629,C0039097,Synovia,NCI,Body Substance
3630,C0224507,Synovial joint,SNM,Body Space or Junction
3631,C0224507,Synovial joint,UWDA,Body Space or Junction
3632,C0224507,Synovial Joint,NCI,Body Space or Junction
3633,C0224507,synovial joint,AOD,Body Space or Junction
3634,C0224507,Synovial joint,FMA,Body Space or Junction
3635,C0224507,synovial joint,CHV,Body Space or Junction
3636,C0224507,Synovial joint,SNOMEDCT_US,Body Space or Junction
3637,C2722398,Healthy Colon,MMSL,Pharmacologic Substance
3638,C0009404,Colorectal Tumor,NCI,Neoplastic Process
3639,C0009404,Colorectal Tumor,MSH,Neoplastic Process
3640,C0014170,Endometrial Tumor,NCI,Neoplastic Process
3641,C4083049,Muscle,LCH,"Body Part, Organ, or Organ Component"
3642,C0026845,Muscle,MSH,Tissue
3643,C0026845,Muscle,RCD,Tissue
3644,C4083049,Muscle,SNM,"Body Part, Organ, or Organ Component"
3645,C4083049,Muscle,UWDA,"Body Part, Organ, or Organ Component"
3646,C0026845,muscle,AOD,Tissue
3647,C0026845,muscle,CSP,Tissue
3648,C4083049,Muscle,FMA,"Body Part, Organ, or Organ Component"
3649,C0026845,Muscle,LNC,Tissue
3651,C0026845,muscle,CHV,Tissue
3652,C0026845,Muscle,SNOMEDCT_VET,Tissue
3655,C4083049,Muscle,SNOMEDCT_US,"Body Part, Organ, or Organ Component"
3656,C4083049,Muscle,LNC,"Body Part, Organ, or Organ Component"
3660,C4083049,Muscle,NCI,"Body Part, Organ, or Organ Component"
3661,C0018787,Cardiac,SNMI,"Body Part, Organ, or Organ Component"
3662,C0018787,Cardiac,NCI,"Body Part, Organ, or Organ Component"
3663,C0018787,cardiac,AOD,"Body Part, Organ, or Organ Component"
3664,C0018787,cardiac,BI,"Body Part, Organ, or Organ Component"
3665,C0018787,cardiac,CSP,"Body Part, Organ, or Organ Component"
3666,C0018787,CARDIAC,CCPSS,"Body Part, Organ, or Organ Component"
3667,C0018787,cardiac,CHV,"Body Part, Organ, or Organ Component"
3668,C1314974,Cardiac,LNC,Intellectual Product
3669,C1522601,Cardiac,NCI,Qualitative Concept
3670,C0037925,Spinal Cord,MSH,"Body Part, Organ, or Organ Component"
3671,C0037925,Spinal Cord,MTH,"Body Part, Organ, or Organ Component"
3672,C0037925,SPINAL CORD,SNMI,"Body Part, Organ, or Organ Component"
3673,C0037925,Spinal cord,LCH,"Body Part, Organ, or Organ Component"
3674,C0037925,Spinal cord,RCD,"Body Part, Organ, or Organ Component"
3675,C0037925,Spinal cord,SNM,"Body Part, Organ, or Organ Component"
3676,C0037925,Spinal cord,UWDA,"Body Part, Organ, or Organ Component"
3677,C0037925,spinal cord,AOD,"Body Part, Organ, or Organ Component"
3678,C0037925,spinal cord,CSP,"Body Part, Organ, or Organ Component"
3679,C0037925,Spinal cord,FMA,"Body Part, Organ, or Organ Component"
3680,C0037925,spinal cord,CHV,"Body Part, Organ, or Organ Component"
3681,C0037925,Spinal cord,LNC,"Body Part, Organ, or Organ Component"
3682,C0037925,spinal cord,NEU,"Body Part, Organ, or Organ Component"
3683,C0037925,Spinal cord,LCH_NW,"Body Part, Organ, or Organ Component"
3685,C0037925,Spinal cord,SNOMEDCT_US,"Body Part, Organ, or Organ Component"
3688,C0037925,Spinal Cord,PSY,"Body Part, Organ, or Organ Component"
3689,C0037925,Spinal Cord,NCI,"Body Part, Organ, or Organ Component"
3690,C0037925,Spinal Cord,HL7V2.5,"Body Part, Organ, or Organ Component"
3691,C1414151,DRG,OMIM,Gene or Genome
3692,C0011928,drg,CHV,Intellectual Product
3693,C0011928,DRG,MSH,Intellectual Product
3694,C4284730,DRG,NCI,Gene or Genome
3697,C3669124,Omental adipose tissue,SNOMEDCT_VET,"Body Part, Organ, or Organ Component"
3698,C0024264,Lymphocytes,LCH,Cell
3699,C0024264,Lymphocytes,MSH,Cell
3700,C0024264,lymphocytes,MTH,Cell
3701,C0024264,Lymphocytes,LNC,Cell
3702,C0024264,lymphocytes,CHV,Cell
3704,C0024264,Lymphocytes,LCH_NW,Cell
3705,C4018897,Lymphocytes,SNOMEDCT_US,Body Substance
3706,C0024264,Lymphocytes,MDR,Cell
3707,C0024264,Lymphocytes,CPM,Cell
3710,C0024264,Lymphocytes,PSY,Cell
3711,C0024264,Lymphocytes,NCI,Cell
3712,C1550651,Lymphocytes,HL7V3.0,Body Substance
3713,C0024264,Lymphocytes,HL7V2.5,Cell
3714,C1546705,Lymphocytes,HL7V2.5,Intellectual Product
3718,C1578559,Buccal mucosa,RCD,"Body Part, Organ, or Organ Component"
3719,C1578559,Buccal mucosa,SNM,"Body Part, Organ, or Organ Component"
3720,C1578559,Buccal mucosa,UWDA,"Body Part, Organ, or Organ Component"
3721,C1578559,Buccal mucosa,FMA,"Body Part, Organ, or Organ Component"
3722,C1578559,Buccal mucosa,LNC,"Body Part, Organ, or Organ Component"
3723,C0026639,buccal mucosa,CHV,"Body Part, Organ, or Organ Component"
3724,C1578559,buccal mucosa,CHV,"Body Part, Organ, or Organ Component"
3725,C1578559,Buccal mucosa,SNOMEDCT_US,"Body Part, Organ, or Organ Component"
3727,C1578559,Buccal Mucosa,NCI,"Body Part, Organ, or Organ Component"
3728,C1578559,buccal mucosa,CSP,"Body Part, Organ, or Organ Component"
3729,C1578559,Buccal Mucosa,MSH,"Body Part, Organ, or Organ Component"
3730,C1578559,Buccal mucosa,MTH,"Body Part, Organ, or Organ Component"
3731,C0007303,Articular cartilage,LCH,Tissue
3732,C0007303,Articular cartilage,RCD,Tissue
3733,C0007303,Articular cartilage,SNM,Tissue
3734,C0007303,Articular cartilage,UWDA,Tissue
3735,C0007303,Articular Cartilage,MSH,Tissue
3736,C0007303,articular cartilage,CSP,Tissue
3737,C0007303,Articular cartilage,FMA,Tissue
3738,C0007303,articular cartilage,CHV,Tissue
3739,C0007303,Articular cartilage,LCH_NW,Tissue
3740,C0007303,Articular cartilage,SNOMEDCT_US,Tissue
3741,C0007303,Articular Cartilage,NCI,Tissue
3742,C4511001,Aortic tissue,SNOMEDCT_US,Tissue
3743,C0027442,Nasopharynx,LCH,"Body Part, Organ, or Organ Component"
3744,C0027442,Nasopharynx,MSH,"Body Part, Organ, or Organ Component"
3745,C0027442,Nasopharynx,MTH,"Body Part, Organ, or Organ Component"
3746,C0027442,Nasopharynx,RCD,"Body Part, Organ, or Organ Component"
3747,C0027442,Nasopharynx,SNM,"Body Part, Organ, or Organ Component"
3749,C0027442,Nasopharynx,UWDA,"Body Part, Organ, or Organ Component"
3750,C0027442,NASOPHARYNX,SNMI,"Body Part, Organ, or Organ Component"
3751,C0027442,nasopharynx,AOD,"Body Part, Organ, or Organ Component"
3752,C0027442,nasopharynx,CSP,"Body Part, Organ, or Organ Component"
3753,C0027442,Nasopharynx,OMIM,"Body Part, Organ, or Organ Component"
3754,C0027442,Nasopharynx,FMA,"Body Part, Organ, or Organ Component"
3755,C0027442,Nasopharynx,LNC,"Body Part, Organ, or Organ Component"
3756,C0027442,nasopharynx,CHV,"Body Part, Organ, or Organ Component"
3758,C0027442,Nasopharynx,LCH_NW,"Body Part, Organ, or Organ Component"
3760,C0027442,Nasopharynx,SNOMEDCT_US,"Body Part, Organ, or Organ Component"
3763,C4266579,Nasopharynx,LNC,"Body Part, Organ, or Organ Component"
3764,C0027442,Nasopharynx,NCI,"Body Part, Organ, or Organ Component"
3786,C0016733,Frontal cortex,FMA,"Body Part, Organ, or Organ Component"
3787,C0228196,frontal cortex,AOD,"Body Part, Organ, or Organ Component"
3788,C0016733,frontal cortex,CSP,"Body Part, Organ, or Organ Component"
3789,C0016733,frontal cortex,CHV,"Body Part, Organ, or Organ Component"
3790,C0016733,frontal cortex,NEU,"Body Part, Organ, or Organ Component"
3791,C0228196,frontal cortex,NEU,"Body Part, Organ, or Organ Component"
3792,C0016733,Frontal Cortex,MSH,"Body Part, Organ, or Organ Component"
3794,C0228196,Frontal Cortex,NCI,"Body Part, Organ, or Organ Component"
3795,C0026607,Motor Cortex,MSH,Body Location or Region
3796,C0026607,Motor Cortex,MTH,Body Location or Region
3797,C0026607,Motor cortex,LCH,Body Location or Region
3798,C0026607,Motor cortex,SNM,Body Location or Region
3799,C0026607,Motor cortex,SNMI,Body Location or Region
3800,C0026607,motor cortex,CSP,Body Location or Region
3801,C3495441,Motor cortex,FMA,Body Location or Region
3802,C0026607,motor cortex,CHV,Body Location or Region
3803,C0026607,motor cortex,NEU,Body Location or Region
3805,C0026607,Motor cortex,LCH_NW,Body Location or Region
3806,C0026607,Motor cortex,SNOMEDCT_US,Body Location or Region
3807,C0026607,Motor Cortex,PSY,Body Location or Region
3808,C0017636,Glioblastoma,ICPC2P,Neoplastic Process
3809,C0017636,Glioblastoma,MDR,Neoplastic Process
3810,C0017636,Glioblastoma,MSH,Neoplastic Process
3811,C0017636,Glioblastoma,RCD,Neoplastic Process
3812,C0017636,Glioblastoma,SNM,Neoplastic Process
3813,C0017636,Glioblastoma,OMIM,Neoplastic Process
3814,C0017636,glioblastoma,CHV,Neoplastic Process
3817,C1621958,Glioblastoma,HPO,Neoplastic Process
3818,C1621958,Glioblastoma,SNOMEDCT_US,Neoplastic Process
3819,C1621958,Glioblastoma,ORPHANET,Neoplastic Process
3820,C0017636,Glioblastoma,MTH,Neoplastic Process
3821,C1621958,Glioblastoma,NCI,Neoplastic Process
3822,C0017636,glioblastoma,CSP,Neoplastic Process
3823,C0017636,glioblastoma,ICPC2P,Neoplastic Process
3846,C0376358,prostate cancer,BI,Neoplastic Process
3847,C0376358,prostate cancer,CSP,Neoplastic Process
3848,C0376358,PROSTATE CANCER,OMIM,Neoplastic Process
3849,C0376358,Prostate cancer,OMIM,Neoplastic Process
3850,C0376358,prostate cancer,MEDCIN,Neoplastic Process
3851,C0376358,PROSTATE CANCER,CCPSS,Neoplastic Process
3852,C0376358,prostate cancer,CHV,Neoplastic Process
3853,C0376358,Prostate Cancer,MEDLINEPLUS,Neoplastic Process
3854,C0376358,Prostate cancer,LNC,Neoplastic Process
3857,C0376358,Prostate cancer,HPO,Neoplastic Process
3858,C0600139,Prostate cancer,SNOMEDCT_US,Neoplastic Process
3859,C0376358,Prostate cancer,MDR,Neoplastic Process
3861,C0376358,prostate cancer,PDQ,Neoplastic Process
3862,C0376358,Prostate cancer,PDQ,Neoplastic Process
3863,C0600139,Prostate Cancer,NCI,Neoplastic Process
3864,C0376358,Prostate Cancer,MSH,Neoplastic Process
3865,C0596508,Embryonic Stem Cell,MSH,Cell
3866,C0596508,embryonic stem cell,CSP,Cell
3867,C0596508,Embryonic stem cell,FMA,Cell
3868,C0596508,embryonic stem cell,CHV,Cell
3869,C0596508,Embryonic Stem Cell,NCI,Cell
3870,C0596508,Embryonic stem cell,SNOMEDCT_US,Cell
3884,C0028977,Omentum,LCH,"Body Part, Organ, or Organ Component"
3885,C0028977,Omentum,MSH,"Body Part, Organ, or Organ Component"
3886,C0028977,Omentum,RCD,"Body Part, Organ, or Organ Component"
3887,C0028977,Omentum,SNM,"Body Part, Organ, or Organ Component"
3888,C0028977,Omentum,UWDA,"Body Part, Organ, or Organ Component"
3889,C0028977,OMENTUM,SNMI,"Body Part, Organ, or Organ Component"
3890,C0028977,omentum,AOD,"Body Part, Organ, or Organ Component"
3891,C0028977,omentum,CSP,"Body Part, Organ, or Organ Component"
3892,C0028977,Omentum,FMA,"Body Part, Organ, or Organ Component"
3893,C0028977,omentum,CHV,"Body Part, Organ, or Organ Component"
3894,C0028977,Omentum,LCH_NW,"Body Part, Organ, or Organ Component"
3895,C0028977,Omentum,SNOMEDCT_US,"Body Part, Organ, or Organ Component"
3896,C0028977,Omentum,MTH,"Body Part, Organ, or Organ Component"
3897,C0028977,Omentum,NCI,"Body Part, Organ, or Organ Component"
3898,C0028977,Omentum,HL7V2.5,"Body Part, Organ, or Organ Component"
3899,C0014259,corneal endothelium,CSP,Tissue
3900,C0014259,corneal endothelium,CHV,Tissue
3901,C0014259,Corneal endothelium,UWDA,Tissue
3902,C0014259,Corneal Endothelium,MSH,Tissue
3903,C0014259,Corneal endothelium,FMA,Tissue
3904,C4085343,Corneal endothelium,FMA,Tissue
3905,C0014259,Corneal endothelium,SNOMEDCT_US,Tissue
3906,C0014259,Corneal Endothelium,MTH,Tissue
3907,C0014259,Corneal Endothelium,NCI,Tissue
3930,C2717959,Induced Pluripotent Stem Cells,MSH,Cell
3944,C0038556,Submandibular Gland,MSH,"Body Part, Organ, or Organ Component"
3945,C0038556,Submandibular gland,LCH,"Body Part, Organ, or Organ Component"
3946,C0038556,Submandibular gland,MTH,"Body Part, Organ, or Organ Component"
3947,C0038556,Submandibular gland,RCD,"Body Part, Organ, or Organ Component"
3948,C0038556,Submandibular gland,SNM,"Body Part, Organ, or Organ Component"
3949,C0038556,Submandibular gland,SNMI,"Body Part, Organ, or Organ Component"
3950,C0038556,Submandibular gland,UWDA,"Body Part, Organ, or Organ Component"
3951,C0038556,submandibular gland,CSP,"Body Part, Organ, or Organ Component"
3952,C0038556,Submandibular gland,FMA,"Body Part, Organ, or Organ Component"
3953,C0038556,Submandibular gland,LNC,"Body Part, Organ, or Organ Component"
3954,C0038556,submandibular gland,CHV,"Body Part, Organ, or Organ Component"
3955,C0038556,Submandibular gland,LCH_NW,"Body Part, Organ, or Organ Component"
3957,C0038556,Submandibular gland,SNOMEDCT_US,"Body Part, Organ, or Organ Component"
3959,C4482275,Submandibular gland,LNC,Body Location or Region
3960,C0038556,Submandibular Gland,NCI,"Body Part, Organ, or Organ Component"
3961,C0001527,Adipose Tissue,MSH,Tissue
3962,C0001527,Adipose tissue,MTH,Tissue
3963,C0001527,Adipose tissue,RCD,Tissue
3964,C0001527,Adipose tissue,SNM,Tissue
3965,C0001527,Adipose tissue,SNMI,Tissue
3966,C0001527,Adipose tissue,UWDA,Tissue
3967,C0001527,adipose tissue,AOD,Tissue
3968,C0001527,adipose tissue,CSP,Tissue
3969,C0001527,Adipose tissue,FMA,Tissue
3970,C0001527,adipose tissue,CHV,Tissue
3971,C0001527,Adipose tissue,SNOMEDCT_US,Tissue
3972,C0001527,Adipose Tissue,NCI,Tissue
3983,C0025914,Mus musculus,AOD,Mammal
3984,C0025914,Mus musculus,CSP,Mammal
3985,C0025914,Mus musculus,NCBI,Mammal
3986,C0025914,Mus musculus,NCI,Mammal
3987,C0025914,mus musculus,CHV,Mammal
3988,C0025914,Mus musculus,SNOMEDCT_US,Mammal
3989,C0025914,Mus musculus,MSH,Mammal
3990,C0003484,Abdominal aorta,SNM,"Body Part, Organ, or Organ Component"
3991,C0003484,Abdominal aorta,SNMI,"Body Part, Organ, or Organ Component"
3992,C0003484,Abdominal aorta,UWDA,"Body Part, Organ, or Organ Component"
3993,C0003484,Abdominal aorta,FMA,"Body Part, Organ, or Organ Component"
3994,C0003484,abdominal aorta,CHV,"Body Part, Organ, or Organ Component"
3995,C0003484,Abdominal aorta,LCH_NW,"Body Part, Organ, or Organ Component"
3996,C2228415,abdominal aorta,MEDCIN,Health Care Activity
3997,C0003484,Abdominal Aorta,MSH,"Body Part, Organ, or Organ Component"
3998,C0003484,Abdominal aorta,SNOMEDCT_US,"Body Part, Organ, or Organ Component"
3999,C4037989,Abdominal Aorta,LNC,"Body Part, Organ, or Organ Component"
4000,C0003484,Abdominal Aorta,NCI,"Body Part, Organ, or Organ Component"
4001,C0024432,Macrophages,LCH,Cell
4002,C0024432,Macrophages,MSH,Cell
4003,C0024432,Macrophages,LNC,Cell
4004,C0024432,macrophages,CHV,Cell
4006,C0024432,Macrophages,LCH_NW,Cell
4008,C0024432,Macrophages,NCI,Cell
4009,C1550652,Macrophages,HL7V3.0,Body Substance
4010,C0024432,Macrophages,HL7V2.5,Cell
4011,C1546706,Macrophages,HL7V2.5,Intellectual Product
4012,C0035412,Rhabdomyosarcoma,COSTAR,Neoplastic Process
4013,C0035412,Rhabdomyosarcoma,LCH,Neoplastic Process
4014,C0035412,Rhabdomyosarcoma,MSH,Neoplastic Process
4015,C0035412,Rhabdomyosarcoma,RCD,Neoplastic Process
4016,C0035412,Rhabdomyosarcoma,SNM,Neoplastic Process
4017,C0035412,RHABDOMYOSARCOMA,CCPSS,Neoplastic Process
4018,C0035412,RHABDOMYOSARCOMA,DXP,Neoplastic Process
4019,C0035412,rhabdomyosarcoma,AOD,Neoplastic Process
4020,C0035412,rhabdomyosarcoma,CSP,Neoplastic Process
4021,C0035412,Rhabdomyosarcoma,OMIM,Neoplastic Process
4022,C0035412,rhabdomyosarcoma,MEDCIN,Neoplastic Process
4023,C0035412,rhabdomyosarcoma,CHV,Neoplastic Process
4024,C0035412,Rhabdomyosarcoma,MEDLINEPLUS,Neoplastic Process
4025,C0035412,Rhabdomyosarcoma,LCH_NW,Neoplastic Process
4026,C0035412,Rhabdomyosarcoma,HPO,Neoplastic Process
4027,C0035412,Rhabdomyosarcoma,MDR,Neoplastic Process
4029,C0035412,Rhabdomyosarcoma,SNOMEDCT_US,Neoplastic Process
4031,C0035412,Rhabdomyosarcoma,ORPHANET,Neoplastic Process
4032,C0035412,Rhabdomyosarcoma,NCI,Neoplastic Process
4033,C0035412,Rhabdomyosarcoma,MTH,Neoplastic Process
4034,C0017562,Gingival,SNMI,Tissue
4035,C0017562,gingival,CHV,Tissue
4036,C0017562,Gingival,NCI,Tissue
4037,C4521854,Gingival,SNOMEDCT_US,Finding
4038,C0009195,Cochlea,LCH,"Body Part, Organ, or Organ Component"
4039,C0009195,Cochlea,MSH,"Body Part, Organ, or Organ Component"
4040,C0009195,Cochlea,RCD,"Body Part, Organ, or Organ Component"
4041,C0009195,Cochlea,SNM,"Body Part, Organ, or Organ Component"
4042,C0009195,Cochlea,UWDA,"Body Part, Organ, or Organ Component"
4043,C0009195,cochlea,AOD,"Body Part, Organ, or Organ Component"
4044,C0009195,cochlea,CSP,"Body Part, Organ, or Organ Component"
4045,C0009195,Cochlea,FMA,"Body Part, Organ, or Organ Component"
4046,C0009195,Cochlea,ICF,"Body Part, Organ, or Organ Component"
4047,C0009195,Cochlea,ICF-CY,"Body Part, Organ, or Organ Component"
4048,C0009195,cochlea,CHV,"Body Part, Organ, or Organ Component"
4049,C0009195,Cochlea,LCH_NW,"Body Part, Organ, or Organ Component"
4050,C0009195,Cochlea,SNOMEDCT_US,"Body Part, Organ, or Organ Component"
4051,C0009195,Cochlea,PSY,"Body Part, Organ, or Organ Component"
4052,C0009195,Cochlea,NCI,"Body Part, Organ, or Organ Component"
4053,C0475358,Tumor Sample,NCI,Tissue
4054,C0684262,BAL,AOD,Finding
4055,C0012383,BAL,SNM,Organic Chemical
4056,C0012383,BAL,SNM,Pharmacologic Substance
4057,C0012383,BAL,SNMI,Organic Chemical
4058,C0012383,BAL,SNMI,Pharmacologic Substance
4059,C0012383,BAL,LNC,Organic Chemical
4060,C0012383,BAL,LNC,Pharmacologic Substance
4061,C0012383,bal,CHV,Organic Chemical
4062,C0012383,bal,CHV,Pharmacologic Substance
4063,C1538586,BAL,HGNC,Gene or Genome
4066,C1538586,BAL,OMIM,Gene or Genome
4067,C0012383,BAL,DRUGBANK,Organic Chemical
4068,C0012383,BAL,DRUGBANK,Pharmacologic Substance
4069,C0012383,BAL,SNOMEDCT_US,Organic Chemical
4070,C0012383,BAL,SNOMEDCT_US,Pharmacologic Substance
4071,C4724479,BAL,NCI,Language
4072,C0026131,Milk,LCH,Body Substance
4073,C0026131,Milk,MSH,Body Substance
4074,C2825079,Milk,SNM,Food
4075,C2825079,milk,AOD,Food
4076,C0026131,milk,CSP,Body Substance
4077,C2825079,milk,MEDCIN,Food
4078,C0349374,Milk,NCI,Food
4079,C1446647,Milk,LNC,Immunologic Factor
4081,C0026131,milk,CHV,Body Substance
4082,C2702362,milk,NDDF,Pharmacologic Substance
4083,C2702362,milk,NDDF,Immunologic Factor
4085,C0026131,Milk,LCH_NW,Body Substance
4086,C0026131,Milk,UWDA,Body Substance
4087,C0026131,Milk,FMA,Body Substance
4088,C2825079,Milk,SNOMEDCT_US,Food
4089,C2702362,Milk,DRUGBANK,Pharmacologic Substance
4090,C2702362,Milk,DRUGBANK,Immunologic Factor
4093,C2825079,Milk,NCI,Food
4094,C5551141,Milk,NCI,Food
4095,C5552693,Milk,NCI,Food
4096,C0026131,Milk,NCI,Body Substance
4097,C1546713,Milk,HL7V2.5,Intellectual Product
4098,C0444318,Milk,HL7V3.0,Substance
4099,C2825079,MILK,VANDF,Food
4100,C0007131,Non-small cell lung cancer,RCD,Neoplastic Process
4101,C0007131,non-small cell lung cancer,CHV,Neoplastic Process
4102,C0007131,Non-Small Cell Lung Cancer,MEDLINEPLUS,Neoplastic Process
4103,C0007131,Non-small cell lung cancer,MDR,Neoplastic Process
4104,C0007131,Non-small cell lung cancer,HPO,Neoplastic Process
4105,C0007131,Non-Small Cell Lung Cancer,MSH,Neoplastic Process
4107,C0007131,Non-small cell lung cancer,SNOMEDCT_US,Neoplastic Process
4108,C0007131,non-small cell lung cancer,PDQ,Neoplastic Process
4109,C0007131,Non-Small Cell Lung Cancer,NCI,Neoplastic Process
4125,C0015560,Fallopian tube,RCD,"Body Part, Organ, or Organ Component"
4126,C0015560,Fallopian tube,SNM,"Body Part, Organ, or Organ Component"
4127,C0015560,Fallopian tube,UWDA,"Body Part, Organ, or Organ Component"
4128,C0015560,fallopian tube,AOD,"Body Part, Organ, or Organ Component"
4129,C0015560,fallopian tube,CSP,"Body Part, Organ, or Organ Component"
4130,C0015560,Fallopian tube,FMA,"Body Part, Organ, or Organ Component"
4131,C0015560,fallopian tube,CHV,"Body Part, Organ, or Organ Component"
4132,C0015560,Fallopian Tube,MSH,"Body Part, Organ, or Organ Component"
4133,C0015560,Fallopian tube,LNC,"Body Part, Organ, or Organ Component"
4134,C0015560,Fallopian tube,SNOMEDCT_US,"Body Part, Organ, or Organ Component"
4135,C4266534,Fallopian tube,LNC,"Body Part, Organ, or Organ Component"
4136,C0015560,Fallopian Tube,NCI,"Body Part, Organ, or Organ Component"
4137,C0015560,Fallopian Tube,HL7V2.5,"Body Part, Organ, or Organ Component"
4156,C3887642,Hippocampus,MSH,"Body Part, Organ, or Organ Component"
4157,C0949582,Hippocampus,NCBI,Fish
4158,C0019564,Hippocampus,SNM,"Body Part, Organ, or Organ Component"
4159,C0019564,Hippocampus,SNMI,"Body Part, Organ, or Organ Component"
4160,C3887642,hippocampus,AOD,"Body Part, Organ, or Organ Component"
4161,C3887642,hippocampus,CSP,"Body Part, Organ, or Organ Component"
4162,C0949582,hippocampus,CHV,Fish
4163,C3887642,hippocampus,CHV,"Body Part, Organ, or Organ Component"
4165,C0019564,Hippocampus,FMA,"Body Part, Organ, or Organ Component"
4166,C0019564,hippocampus,NEU,"Body Part, Organ, or Organ Component"
4167,C0598598,hippocampus,NEU,"Body Part, Organ, or Organ Component"
4168,C3887642,hippocampus,NEU,"Body Part, Organ, or Organ Component"
4169,C0175202,hippocampus,NEU,"Body Part, Organ, or Organ Component"
4170,C0598598,Hippocampus,NEU,"Body Part, Organ, or Organ Component"
4171,C3887642,Hippocampus,NEU,"Body Part, Organ, or Organ Component"
4172,C0019564,Hippocampus,SNOMEDCT_US,"Body Part, Organ, or Organ Component"
4173,C0949582,Hippocampus,SNOMEDCT_US,Fish
4174,C0019564,Hippocampus,PSY,"Body Part, Organ, or Organ Component"
4175,C0019564,Hippocampus,NCI,"Body Part, Organ, or Organ Component"
4176,C1281743,Blastocyst,LCH,Embryonic Structure
4177,C1281743,Blastocyst,MSH,Embryonic Structure
4178,C0005705,Blastocyst,SNM,Embryonic Structure
4179,C0005705,Blastocyst,SNMI,Embryonic Structure
4180,C1281743,Blastocyst,FMA,Embryonic Structure
4181,C1281743,blastocyst,CHV,Embryonic Structure
4183,C1281743,Blastocyst,LCH_NW,Embryonic Structure
4184,C1281743,Blastocyst,SNOMEDCT_US,Embryonic Structure
4185,C1281743,Blastocyst,NCI,Embryonic Structure
4186,C1518345,Nodular Lesion,NCI,Finding
4189,C0577059,normal liver,CHV,Finding
4194,C0230956,Placental,SNMI,Mammal
4195,C0032043,Placental,NCI,Embryonic Structure
4196,C0230956,PLACENTAL,CCPSS,Mammal
4197,C0206743,Rhabdoid Tumor,MSH,Neoplastic Process
4198,C0206743,Rhabdoid Tumor,MTH,Neoplastic Process
4199,C0206743,RHABDOID TUMOR,OMIM,Neoplastic Process
4200,C0206743,rhabdoid tumor,CHV,Neoplastic Process
4201,C0206743,Rhabdoid tumor,MDR,Neoplastic Process
4203,C0206743,Rhabdoid tumor,ORPHANET,Neoplastic Process
4204,C0206743,Rhabdoid tumor,HPO,Neoplastic Process
4205,C0206743,Rhabdoid tumor,SNOMEDCT_US,Neoplastic Process
4206,C0206743,Rhabdoid Tumor,NCI,Neoplastic Process
4227,C0222331,Subcutaneous adipose tissue,SNMI,Tissue
4228,C0222331,Subcutaneous Adipose Tissue,NCI,Tissue
4229,C0222331,Subcutaneous adipose tissue,FMA,Tissue
4230,C0222331,subcutaneous adipose tissue,CHV,Tissue
4231,C0222331,Subcutaneous adipose tissue,UWDA,Tissue
4232,C0222331,Subcutaneous Adipose Tissue,MSH,Tissue
4233,C0222331,Subcutaneous adipose tissue,SNOMEDCT_US,Tissue
4234,C0227873,Right ovary,SNM,"Body Part, Organ, or Organ Component"
4235,C0227873,Right ovary,SNMI,"Body Part, Organ, or Organ Component"
4236,C0227873,Right ovary,ULT,"Body Part, Organ, or Organ Component"
4237,C0227873,Right ovary,UWDA,"Body Part, Organ, or Organ Component"
4238,C0227873,Right ovary,FMA,"Body Part, Organ, or Organ Component"
4239,C0227873,right ovary,CHV,"Body Part, Organ, or Organ Component"
4240,C0227873,Right ovary,SNOMEDCT_US,"Body Part, Organ, or Organ Component"
4241,C0227873,Right Ovary,NCI,"Body Part, Organ, or Organ Component"
4242,C0227874,Left ovary,SNM,"Body Part, Organ, or Organ Component"
4243,C0227874,Left ovary,SNMI,"Body Part, Organ, or Organ Component"
4244,C0227874,Left ovary,ULT,"Body Part, Organ, or Organ Component"
4245,C0227874,Left ovary,UWDA,"Body Part, Organ, or Organ Component"
4246,C0227874,Left ovary,FMA,"Body Part, Organ, or Organ Component"
4247,C0227874,left ovary,CHV,"Body Part, Organ, or Organ Component"
4248,C0227874,Left ovary,SNOMEDCT_US,"Body Part, Organ, or Organ Component"
4249,C0227874,Left Ovary,NCI,"Body Part, Organ, or Organ Component"
4250,C1318543,Tenosynovial Giant Cell Tumor,NCI,Neoplastic Process
4251,C1318543,Tenosynovial Giant Cell Tumor,MSH,Neoplastic Process
4252,C1318543,Tenosynovial giant cell tumor,ORPHANET,Neoplastic Process
4253,C1318543,Tenosynovial giant cell tumor,MDR,Neoplastic Process
4254,C1318543,Tenosynovial giant cell tumor,SNOMEDCT_US,Neoplastic Process
4255,C0206638,Giant Cell Tumor of Bone,MSH,Neoplastic Process
4256,C0206638,GIANT CELL TUMOR OF BONE,COSTAR,Neoplastic Process
4257,C0206638,Giant cell tumor of bone,RCDAE,Neoplastic Process
4258,C0206638,Giant cell tumor of bone,SNM,Neoplastic Process
4259,C0206638,giant cell tumor of bone,CHV,Neoplastic Process
4260,C0206638,Giant cell tumor of bone,SNOMEDCT_US,Neoplastic Process
4261,C0206638,Giant cell tumor of bone,HPO,Neoplastic Process
4262,C0206638,Giant Cell Tumor of Bone,NCI,Neoplastic Process
4264,C0206638,Giant cell tumor of bone,ORPHANET,Neoplastic Process
4265,C0206638,giant cell tumor of bone,MEDCIN,Neoplastic Process
4266,C0206638,Giant Cell Tumor of Bone,MTH,Neoplastic Process
4274,C0227902,Left fallopian tube,MTH,"Body Part, Organ, or Organ Component"
4275,C0227902,Left fallopian tube,SNM,"Body Part, Organ, or Organ Component"
4276,C0227902,Left fallopian tube,SNMI,"Body Part, Organ, or Organ Component"
4277,C0227902,Left fallopian tube,UWDA,"Body Part, Organ, or Organ Component"
4278,C0227902,Left fallopian tube,FMA,"Body Part, Organ, or Organ Component"
4279,C0227902,Left fallopian tube,SNOMEDCT_US,"Body Part, Organ, or Organ Component"
4280,C0227902,Left Fallopian Tube,NCI,"Body Part, Organ, or Organ Component"
4281,C0227900,Right fallopian tube,MTH,"Body Part, Organ, or Organ Component"
4282,C0227900,Right fallopian tube,SNM,"Body Part, Organ, or Organ Component"
4283,C0227900,Right fallopian tube,SNMI,"Body Part, Organ, or Organ Component"
4284,C0227900,Right fallopian tube,UWDA,"Body Part, Organ, or Organ Component"
4285,C0227900,Right fallopian tube,FMA,"Body Part, Organ, or Organ Component"
4286,C0227900,Right fallopian tube,SNOMEDCT_US,"Body Part, Organ, or Organ Component"
4287,C0227900,Right Fallopian Tube,NCI,"Body Part, Organ, or Organ Component"
4288,C3539878,Triple-negative breast cancer,SNOMEDCT_US,Neoplastic Process
4289,C3539878,Triple-Negative Breast Cancer,MSH,Neoplastic Process
4290,C4722518,Triple-Negative Breast Cancer,NCI,Neoplastic Process
4291,C3539878,triple-negative breast cancer,PDQ,Neoplastic Process
4292,C0018873,HeLa,NCI,Cell
4338,C0007634,Cells,LCH,Cell
4339,C0007634,Cells,MSH,Cell
4340,C0007634,Cells,MTH,Cell
4341,C0007634,Cells,LNC,Cell
4342,C0007634,cells,CHV,Cell
4344,C0007634,cells,LNC,Cell
4345,C0007634,Cells,LCH_NW,Cell
4349,C0007634,Cells,NCI,Cell
4376,C1517162,Fetal Liver,NCI,Embryonic Structure
4377,C0032052,HCS,SNMI,"Amino Acid, Peptide, or Protein"
4378,C0032052,HCS,SNMI,Hormone
4379,C1150715,HCS,GO,Molecular Function
4380,C0032052,hcs,CHV,"Amino Acid, Peptide, or Protein"
4381,C0032052,hcs,CHV,Hormone
4382,C1415593,HCS,HGNC,Gene or Genome
4383,C1426584,HCS,HGNC,Gene or Genome
4384,C1415593,HCS,OMIM,Gene or Genome
4385,C4321251,HCS,NCI,Gene or Genome
4386,C5202933,HCS,NCI,Manufactured Object
4387,C5235708,HCS,NCI,Intellectual Product
4388,C1848030,HCS,ORPHANET,Disease or Syndrome
4389,C5780721,HCS,NCI,"Amino Acid, Peptide, or Protein"
4390,C5780721,HCS,NCI,Enzyme
4391,C5780753,HCS,NCI,Gene or Genome
4409,C0153687,skin metastasis,CHV,Neoplastic Process
4410,C0153687,Skin Metastasis,NCI,Neoplastic Process
4411,C0153676,LUNG METASTASIS,CCPSS,Neoplastic Process
4412,C0153676,lung metastasis,CHV,Neoplastic Process
4413,C0686619,LYMPH NODE METASTASIS,CCPSS,Neoplastic Process
4414,C0686619,lymph node metastasis,CHV,Neoplastic Process
4415,C0686619,Lymph Node Metastasis,MSH,Neoplastic Process
4416,C0686619,Lymph Node Metastasis,MTH,Neoplastic Process
4417,C0022655,Kidney Cortex,MSH,"Body Part, Organ, or Organ Component"
4418,C0022655,kidney cortex,CHV,"Body Part, Organ, or Organ Component"
4419,C0022655,Kidney cortex,LCH_NW,"Body Part, Organ, or Organ Component"
4420,C0022655,Kidney cortex,LNC,"Body Part, Organ, or Organ Component"
4421,C4266651,Kidney cortex,LNC,"Body Part, Organ, or Organ Component"
4422,C0022664,Kidney Medulla,MSH,"Body Part, Organ, or Organ Component"
4423,C0022664,kidney medulla,CHV,"Body Part, Organ, or Organ Component"
4424,C0677944,sentinel lymph node,CHV,Disease or Syndrome
4425,C1522495,Sentinel Lymph Node,MSH,"Body Part, Organ, or Organ Component"
4426,C1522495,Sentinel lymph node,LNC,"Body Part, Organ, or Organ Component"
4427,C1522495,Sentinel lymph node,SNOMEDCT_US,"Body Part, Organ, or Organ Component"
4428,C1522495,Sentinel Lymph Node,NCI,"Body Part, Organ, or Organ Component"
4429,C1522495,Sentinel Lymph Node,MTH,"Body Part, Organ, or Organ Component"
4430,C0934637,Macula lutea proper,FMA,"Body Part, Organ, or Organ Component"
4431,C0934637,Macula lutea proper,UWDA,"Body Part, Organ, or Organ Component"
4432,C0016622,Fovea Centralis,MSH,"Body Part, Organ, or Organ Component"
4433,C0016622,Fovea centralis,SNM,"Body Part, Organ, or Organ Component"
4434,C0016622,Fovea centralis,SNMI,"Body Part, Organ, or Organ Component"
4435,C0016622,Fovea centralis,UWDA,"Body Part, Organ, or Organ Component"
4436,C0016622,Fovea centralis,FMA,"Body Part, Organ, or Organ Component"
4437,C0016622,Fovea centralis,SNOMEDCT_US,"Body Part, Organ, or Organ Component"
4438,C0016622,Fovea Centralis,NCI,"Body Part, Organ, or Organ Component"
4445,C0729594,Axillary lymph node,RCD,"Body Part, Organ, or Organ Component"
4446,C0729594,Axillary lymph node,SNM,"Body Part, Organ, or Organ Component"
4447,C0729594,Axillary lymph node,UWDA,"Body Part, Organ, or Organ Component"
4448,C0729594,AXILLARY LYMPH NODE,CCPSS,"Body Part, Organ, or Organ Component"
4449,C0729594,axillary lymph node,CHV,"Body Part, Organ, or Organ Component"
4450,C0729594,Axillary lymph node,FMA,"Body Part, Organ, or Organ Component"
4451,C0729594,Axillary lymph node,SNOMEDCT_US,"Body Part, Organ, or Organ Component"
4452,C0729594,Axillary Lymph Node,NCI,"Body Part, Organ, or Organ Component"
4453,C1185605,Head and neck lymph node,FMA,"Body Part, Organ, or Organ Component"
4454,C1185605,Head and Neck Lymph Node,NCI,"Body Part, Organ, or Organ Component"
4474,C0015392,Eye,COSTAR,"Body Part, Organ, or Organ Component"
4475,C0015392,Eye,LCH,"Body Part, Organ, or Organ Component"
4476,C0015392,Eye,MSH,"Body Part, Organ, or Organ Component"
4477,C0015392,Eye,MTH,"Body Part, Organ, or Organ Component"
4479,C0015392,Eye,RCD,"Body Part, Organ, or Organ Component"
4480,C0015392,Eye,SNM,"Body Part, Organ, or Organ Component"
4481,C0700042,Eye,UWDA,Body Location or Region
4482,C0015392,eye,AOD,"Body Part, Organ, or Organ Component"
4483,C0015392,eye,CSP,"Body Part, Organ, or Organ Component"
4484,C0015392,EYE,CCPSS,"Body Part, Organ, or Organ Component"
4485,C0015392,EYE,ICPC,"Body Part, Organ, or Organ Component"
4486,C0700042,Eye,FMA,Body Location or Region
4487,C0015392,Eye,LNC,"Body Part, Organ, or Organ Component"
4488,C0015392,EYE,LNC,"Body Part, Organ, or Organ Component"
4489,C0015392,eye,CHV,"Body Part, Organ, or Organ Component"
4495,C0015392,Eye,LCH_NW,"Body Part, Organ, or Organ Component"
4497,C0015392,Eye,SNOMEDCT_US,"Body Part, Organ, or Organ Component"
4498,C4266572,Eye,LNC,"Body Part, Organ, or Organ Component"
4501,C0015392,Eye,NCI,"Body Part, Organ, or Organ Component"
4502,C1550636,Eye,HL7V3.0,Body Substance
4503,C0015392,Eye,HL7V2.5,"Body Part, Organ, or Organ Component"
4504,C1546630,Eye,HL7V2.5,Intellectual Product
4505,C0581620,Thoracic Spinal Cord,SNM,"Body Part, Organ, or Organ Component"
4506,C0581620,Thoracic spinal cord,RCD,"Body Part, Organ, or Organ Component"
4507,C0581620,Thoracic spinal cord,SNM,"Body Part, Organ, or Organ Component"
4508,C0581620,THORACIC SPINAL CORD,SNMI,"Body Part, Organ, or Organ Component"
4509,C0457847,Thoracic spinal cord,FMA,Body Location or Region
4510,C0581620,Thoracic spinal cord,ICF,"Body Part, Organ, or Organ Component"
4511,C0581620,Thoracic spinal cord,ICF-CY,"Body Part, Organ, or Organ Component"
4512,C0581620,thoracic spinal cord,CHV,"Body Part, Organ, or Organ Component"
4513,C0581620,Thoracic spinal cord,SNOMEDCT_US,"Body Part, Organ, or Organ Component"
4514,C0581620,Thoracic Spinal Cord,NCI,"Body Part, Organ, or Organ Component"
4515,C1321301,Peripheral blood mononuclear cell,FMA,Cell
4516,C1321301,Peripheral Blood Mononuclear Cell,MSH,Cell
4517,C1321301,Peripheral blood mononuclear cell,SNOMEDCT_US,Cell
4518,C1321301,Peripheral Blood Mononuclear Cell,NCI,Cell
4519,C0003842,Artery,MSH,"Body Part, Organ, or Organ Component"
4520,C0003842,Artery,RCD,"Body Part, Organ, or Organ Component"
4521,C0003842,Artery,SNM,"Body Part, Organ, or Organ Component"
4522,C0003842,artery,AOD,"Body Part, Organ, or Organ Component"
4523,C0003842,artery,CSP,"Body Part, Organ, or Organ Component"
4524,C0003842,Artery,FMA,"Body Part, Organ, or Organ Component"
4525,C0003842,Artery,LNC,"Body Part, Organ, or Organ Component"
4526,C0003842,artery,CHV,"Body Part, Organ, or Organ Component"
4528,C0226004,artery,CHV,Body System
4529,C0003842,Artery,UWDA,"Body Part, Organ, or Organ Component"
4532,C0003842,Artery,SNOMEDCT_US,"Body Part, Organ, or Organ Component"
4535,C0003842,Artery,NCI,"Body Part, Organ, or Organ Component"
4536,C0003842,Artery,HL7V2.5,"Body Part, Organ, or Organ Component"
4537,C0007874,Cervix,RCD,"Body Part, Organ, or Organ Component"
4538,C0007874,Cervix,SNM,"Body Part, Organ, or Organ Component"
4540,C0007874,Cervix,UWDA,"Body Part, Organ, or Organ Component"
4541,C0007874,cervix,CSP,"Body Part, Organ, or Organ Component"
4542,C0007874,Cervix,ICF,"Body Part, Organ, or Organ Component"
4543,C0007874,Cervix,ICF-CY,"Body Part, Organ, or Organ Component"
4544,C0007874,Cervix,LNC,"Body Part, Organ, or Organ Component"
4545,C0007874,cervix,CHV,"Body Part, Organ, or Organ Component"
4547,C0007874,Cervix,MSH,"Body Part, Organ, or Organ Component"
4548,C0446455,Cervix,FMA,Body Location or Region
4549,C0007874,Cervix,SNOMEDCT_US,"Body Part, Organ, or Organ Component"
4552,C0007874,Cervix,PSY,"Body Part, Organ, or Organ Component"
4553,C0007874,Cervix,NCI,"Body Part, Organ, or Organ Component"
4554,C1550623,Cervix,HL7V3.0,Body Substance
4555,C0007874,Cervix,HL7V2.5,"Body Part, Organ, or Organ Component"
4556,C1546592,Cervix,HL7V2.5,Intellectual Product
4580,C0040134,Thyroid,MMSL,"Amino Acid, Peptide, or Protein"
4581,C0040134,Thyroid,MMSL,Pharmacologic Substance
4582,C0040134,Thyroid,MMSL,Hormone
4583,C0040132,thyroid,AOD,"Body Part, Organ, or Organ Component"
4584,C0040134,thyroid,MMSL,"Amino Acid, Peptide, or Protein"
4585,C0040134,thyroid,MMSL,Pharmacologic Substance
4586,C0040134,thyroid,MMSL,Hormone
4587,C2228489,thyroid,MEDCIN,Health Care Activity
4588,C0040132,THYROID,CCPSS,"Body Part, Organ, or Organ Component"
4589,C0040132,Thyroid,LNC,"Body Part, Organ, or Organ Component"
4591,C0040134,THYROID,MTHSPL,"Amino Acid, Peptide, or Protein"
4592,C0040134,THYROID,MTHSPL,Pharmacologic Substance
4593,C0040134,THYROID,MTHSPL,Hormone
4594,C0040132,thyroid,CHV,"Body Part, Organ, or Organ Component"
4595,C3540038,THYROID,ATC,"Indicator, Reagent, or Diagnostic Aid"
4596,C5781115,THYROID,MTH,Organic Chemical
4597,C5781115,THYROID,MTH,Pharmacologic Substance
4599,C0040134,thyroid,NDDF,"Amino Acid, Peptide, or Protein"
4600,C0040134,thyroid,NDDF,Pharmacologic Substance
4601,C0040134,thyroid,NDDF,Hormone
4602,C0040132,Thyroid,MSH,"Body Part, Organ, or Organ Component"
4603,C0040132,Thyroid,SNOMEDCT_US,"Body Part, Organ, or Organ Component"
4604,C0040134,Thyroid,USP,"Amino Acid, Peptide, or Protein"
4605,C0040134,Thyroid,USP,Pharmacologic Substance
4606,C0040134,Thyroid,USP,Hormone
4609,C5781115,THYROID,MTHSPL,Organic Chemical
4610,C5781115,THYROID,MTHSPL,Pharmacologic Substance
4611,C0040132,Thyroid,NCI,"Body Part, Organ, or Organ Component"
4612,C0040132,Thyroid,HL7V2.5,"Body Part, Organ, or Organ Component"
4613,C0040134,THYROID,VANDF,"Amino Acid, Peptide, or Protein"
4614,C0040134,THYROID,VANDF,Pharmacologic Substance
4615,C0040134,THYROID,VANDF,Hormone
4616,C0041951,Ureter,MSH,"Body Part, Organ, or Organ Component"
4617,C0041951,Ureter,MTH,"Body Part, Organ, or Organ Component"
4618,C0041951,Ureter,RCD,"Body Part, Organ, or Organ Component"
4619,C0041951,Ureter,SNM,"Body Part, Organ, or Organ Component"
4621,C0041951,Ureter,UWDA,"Body Part, Organ, or Organ Component"
4622,C0041951,ureter,AOD,"Body Part, Organ, or Organ Component"
4623,C0041951,ureter,CSP,"Body Part, Organ, or Organ Component"
4624,C0041951,Ureter,FMA,"Body Part, Organ, or Organ Component"
4625,C0041951,ureter,CHV,"Body Part, Organ, or Organ Component"
4626,C0041951,Ureter,LNC,"Body Part, Organ, or Organ Component"
4628,C0041951,Ureter,SNOMEDCT_US,"Body Part, Organ, or Organ Component"
4629,C4483893,Ureter,LNC,Body Location or Region
4630,C0041951,Ureter,NCI,"Body Part, Organ, or Organ Component"
4631,C0041951,Ureter,HL7V2.5,"Body Part, Organ, or Organ Component"
4632,C0032225,Pleura,CST,Tissue
4633,C0032225,Pleura,LCH,Tissue
4634,C0032225,Pleura,MSH,Tissue
4635,C0032225,Pleura,MTH,Tissue
4636,C0032225,Pleura,RCD,Tissue
4637,C0032225,Pleura,SNM,Tissue
4639,C0032225,Pleura,UWDA,Tissue
4640,C0032225,PLEURA,SNMI,Tissue
4641,C0032225,pleura,AOD,Tissue
4642,C0032225,Pleura,FMA,Tissue
4643,C0032225,pleura,CHV,Tissue
4644,C0032225,Pleura,LNC,Tissue
4646,C0032225,Pleura,LCH_NW,Tissue
4649,C0032225,Pleura,SNOMEDCT_US,Tissue
4650,C0032225,PLEURA,NCI,Tissue
4652,C0032225,Pleura,NCI,Tissue
4653,C0032225,Pleura,HL7V2.5,Tissue
4654,C0015392,Eyes,MSH,"Body Part, Organ, or Organ Component"
4655,C0015392,Eyes,OMIM,"Body Part, Organ, or Organ Component"
4656,C0015392,Eyes,LNC,"Body Part, Organ, or Organ Component"
4657,C0015392,eyes,CHV,"Body Part, Organ, or Organ Component"
4660,C0205950,Calvaria,LCH,"Body Part, Organ, or Organ Component"
4661,C0205950,Calvaria,MTH,"Body Part, Organ, or Organ Component"
4662,C0205950,Calvaria,UWDA,"Body Part, Organ, or Organ Component"
4663,C0205950,calvaria,CHV,"Body Part, Organ, or Organ Component"
4664,C0205950,Calvaria,FMA,"Body Part, Organ, or Organ Component"
4665,C0205950,Calvaria,SNOMEDCT_US,"Body Part, Organ, or Organ Component"
4666,C0205950,Calvaria,MSH,"Body Part, Organ, or Organ Component"
4667,C1415241,H9,HGNC,Gene or Genome
4668,C1415241,H9,OMIM,Gene or Genome
4669,C1705951,H9,NCI,Gene or Genome
4670,C0084342,h9,NCI,"Amino Acid, Peptide, or Protein"
4671,C0084342,h9,NCI,Enzyme
4672,C4554591,H9,LNC,Virus
4673,C0084342,H9,NCI,"Amino Acid, Peptide, or Protein"
4674,C0084342,H9,NCI,Enzyme
4675,C1517355,H9,NCI,Cell
4676,C1520104,H9,NCI,Cell
4721,C1837610,IPS,OMIM,Disease or Syndrome
4722,C1968833,IPS,HGNC,Gene or Genome
4723,C1019118,Ips,NCBI,Eukaryote
4724,C3811063,IPS,NCI,Gene or Genome
4725,C1968833,IPS,OMIM,Gene or Genome
4726,C1837610,IPS,ORPHANET,Disease or Syndrome
4727,C0035561,Rib,MSH,"Body Part, Organ, or Organ Component"
4728,C0035561,Rib,RCD,"Body Part, Organ, or Organ Component"
4729,C0035561,Rib,SNM,"Body Part, Organ, or Organ Component"
4730,C0035561,Rib,UWDA,"Body Part, Organ, or Organ Component"
4731,C0035561,rib,AOD,"Body Part, Organ, or Organ Component"
4732,C0035561,rib,CSP,"Body Part, Organ, or Organ Component"
4733,C0035561,Rib,FMA,"Body Part, Organ, or Organ Component"
4734,C0035561,rib,CHV,"Body Part, Organ, or Organ Component"
4735,C0035561,Rib,SNOMEDCT_US,"Body Part, Organ, or Organ Component"
4736,C0035561,Rib,NCI,"Body Part, Organ, or Organ Component"
4737,C0035561,Rib,HL7V2.5,"Body Part, Organ, or Organ Component"
4738,C0005773,Blood Cells,MSH,Cell
4739,C0005773,Blood cells,LCH,Cell
4740,C0005773,blood cells,AOD,Cell
4741,C0005773,blood cells,CHV,Cell
4742,C0005773,Blood Cells,MTH,Cell
4743,C0005773,Blood Cells,MEDLINEPLUS,Cell
4744,C0005773,Blood cells,LCH_NW,Cell
4746,C0005773,Blood Cells,PSY,Cell
4747,C0282505,limb bud,CHV,Embryonic Structure
4748,C0282505,Limb Bud,MSH,Embryonic Structure
4749,C0282505,Limb bud,FMA,Embryonic Structure
4750,C0282505,Limb Bud,NCI,Embryonic Structure
4751,C0222647,Long bone,SNM,"Body Part, Organ, or Organ Component"
4752,C0222647,Long bone,SNMI,"Body Part, Organ, or Organ Component"
4753,C0222647,Long bone,UWDA,"Body Part, Organ, or Organ Component"
4754,C0222647,long bone,AOD,"Body Part, Organ, or Organ Component"
4755,C0222647,Long bone,FMA,"Body Part, Organ, or Organ Component"
4756,C0222647,long bone,CHV,"Body Part, Organ, or Organ Component"
4757,C0222647,Long bone,SNOMEDCT_US,"Body Part, Organ, or Organ Component"
4758,C0222647,Long Bone,NCI,"Body Part, Organ, or Organ Component"
4759,C0039099,Synovial tissue,SNM,"Body Part, Organ, or Organ Component"
4760,C1267208,synovial tissue,CHV,Tissue
4761,C0039099,synovial tissue,CHV,"Body Part, Organ, or Organ Component"
4762,C0494165,liver metastases,CHV,Neoplastic Process
4763,C0494165,Liver metastases,MDR,Neoplastic Process
4764,C0494165,liver metastases,PDQ,Neoplastic Process
4765,C0494165,Liver Metastases,NCI,Neoplastic Process
4766,C1337011,Pancreatic Neuroendocrine Tumor,NCI,Neoplastic Process
4767,C4305467,Pancreatic neuroendocrine tumor,MDR,Neoplastic Process
4769,C4305467,pancreatic neuroendocrine tumor,PDQ,Neoplastic Process
4771,C4305467,Pancreatic neuroendocrine tumor,ORPHANET,Neoplastic Process
4772,C0476089,Endometrial Carcinomas,MSH,Neoplastic Process
4773,C0553580,Ewing sarcoma,OMIM,Neoplastic Process
4774,C0553580,Ewing Sarcoma,NCI,Neoplastic Process
4775,C0553580,EWING SARCOMA,OMIM,Neoplastic Process
4776,C0553580,Ewing sarcoma,SNOMEDCT_US,Neoplastic Process
4777,C0553580,ewing sarcoma,CHV,Neoplastic Process
4778,C0553580,Ewing Sarcoma,MSH,Neoplastic Process
4779,C0553580,Ewing sarcoma,HPO,Neoplastic Process
4780,C0553580,Ewing sarcoma,PDQ,Neoplastic Process
4781,C0023516,blood leukocytes,CHV,Cell
4782,C0281361,Pancreatic adenocarcinoma,OMIM,Neoplastic Process
4783,C0281361,pancreatic adenocarcinoma,CHV,Neoplastic Process
4784,C0281361,Pancreatic adenocarcinoma,SNOMEDCT_VET,Neoplastic Process
4785,C0281361,Pancreatic adenocarcinoma,SNOMEDCT_US,Neoplastic Process
4786,C0281361,Pancreatic adenocarcinoma,HPO,Neoplastic Process
4787,C0281361,Pancreatic adenocarcinoma,MDR,Neoplastic Process
4788,C0281361,pancreatic adenocarcinoma,PDQ,Neoplastic Process
4789,C0281361,Pancreatic Adenocarcinoma,NCI,Neoplastic Process
4790,C0027651,Tumour,RCD,Neoplastic Process
4791,C0027651,tumour,CHV,Neoplastic Process
4792,C0027651,Tumour,HPO,Neoplastic Process
4793,C0027651,Tumour,SNOMEDCT_US,Neoplastic Process
4794,C0027651,Tumour,MDR,Neoplastic Process
4795,C0040426,Teeth,LCH,"Body Part, Organ, or Organ Component"
4796,C0040426,Teeth,MTH,"Body Part, Organ, or Organ Component"
4797,C0040426,Teeth,RCD,"Body Part, Organ, or Organ Component"
4798,C0040426,Teeth,OMIM,"Body Part, Organ, or Organ Component"
4799,C2239132,teeth,MEDCIN,Health Care Activity
4800,C0040426,teeth,AOD,"Body Part, Organ, or Organ Component"
4801,C0040426,Teeth,ICF,"Body Part, Organ, or Organ Component"
4802,C0040426,Teeth,ICF-CY,"Body Part, Organ, or Organ Component"
4803,C0040426,Teeth,LNC,"Body Part, Organ, or Organ Component"
4804,C0040426,teeth,CHV,"Body Part, Organ, or Organ Component"
4805,C0040426,Teeth,MEDLINEPLUS,"Body Part, Organ, or Organ Component"
4807,C0040426,Teeth,LCH_NW,"Body Part, Organ, or Organ Component"
4809,C0040426,Teeth,UWDA,"Body Part, Organ, or Organ Component"
4810,C0040426,Teeth,MSH,"Body Part, Organ, or Organ Component"
4811,C0040426,Teeth,FMA,"Body Part, Organ, or Organ Component"
4812,C0040426,Teeth,SNOMEDCT_US,"Body Part, Organ, or Organ Component"
4813,C4071855,Teeth,LNC,"Body Part, Organ, or Organ Component"
4815,C0040426,Teeth,NCI,"Body Part, Organ, or Organ Component"
4816,C0024432,Monocyte-Derived Macrophages,MSH,Cell
4829,C0919267,Ovarian tumor,RCDAE,Neoplastic Process
4830,C0919267,ovarian tumor,CHV,Neoplastic Process
4831,C0919267,Ovarian tumor,HPO,Neoplastic Process
4832,C0919267,Ovarian tumor,SNOMEDCT_US,Neoplastic Process
4833,C0919267,Ovarian Tumor,NCI,Neoplastic Process
4834,C0427861,human cell,CHV,Laboratory or Test Result
4847,C1621958,GBM,OMIM,Neoplastic Process
4848,C1621958,GBM,ORPHANET,Neoplastic Process
4849,C0599297,GBM,NCI,"Body Part, Organ, or Organ Component"
4850,C0555198,High Grade Glioma,NCI,Neoplastic Process
4851,C4722099,High grade glioma,SNOMEDCT_US,Neoplastic Process
4852,C4722099,High grade glioma,MTH,Neoplastic Process
4853,C0030297,PANCREAS TUMOR,CCPSS,Neoplastic Process
4854,C0030297,pancreas tumor,CHV,Neoplastic Process
4855,C0030297,Pancreas Tumor,NCI,Neoplastic Process
4856,C2931822,NASOPHARYNGEAL CARCINOMA,OMIM,Neoplastic Process
4857,C2931822,Nasopharyngeal carcinoma,MTH,Neoplastic Process
4858,C2931822,nasopharyngeal carcinoma,CHV,Neoplastic Process
4859,C2931822,Nasopharyngeal carcinoma,SNOMEDCT_US,Neoplastic Process
4860,C2931822,Nasopharyngeal carcinoma,MDR,Neoplastic Process
4861,C2931822,Nasopharyngeal Carcinoma,MSH,Neoplastic Process
4862,C2931822,Nasopharyngeal carcinoma,ORPHANET,Neoplastic Process
4863,C2931822,Nasopharyngeal Carcinoma,NCI,Neoplastic Process
4864,C0041445,Tympanic Membrane,MSH,"Body Part, Organ, or Organ Component"
4865,C0041445,Tympanic membrane,LCH,"Body Part, Organ, or Organ Component"
4866,C0041445,Tympanic membrane,RCD,"Body Part, Organ, or Organ Component"
4867,C0041445,Tympanic membrane,SNM,"Body Part, Organ, or Organ Component"
4868,C0041445,Tympanic membrane,UWDA,"Body Part, Organ, or Organ Component"
4869,C0041445,Tympanic membrane,FMA,"Body Part, Organ, or Organ Component"
4870,C0041445,Tympanic membrane,ICF,"Body Part, Organ, or Organ Component"
4871,C0041445,Tympanic membrane,ICF-CY,"Body Part, Organ, or Organ Component"
4872,C0041445,Tympanic membrane,LNC,"Body Part, Organ, or Organ Component"
4873,C0041445,tympanic membrane,CHV,"Body Part, Organ, or Organ Component"
4875,C0041445,Tympanic membrane,LCH_NW,"Body Part, Organ, or Organ Component"
4877,C0041445,Tympanic membrane,SNOMEDCT_US,"Body Part, Organ, or Organ Component"
4879,C0041445,Tympanic Membrane,PSY,"Body Part, Organ, or Organ Component"
4880,C0041445,Tympanic Membrane,NCI,"Body Part, Organ, or Organ Component"
4881,C0041445,tympanic membrane,CSP,"Body Part, Organ, or Organ Component"
4882,C0002630,Amnion,LCH,Embryonic Structure
4883,C0002630,Amnion,MSH,Embryonic Structure
4884,C1305379,Amnion,RCD,Embryonic Structure
4885,C0002630,Amnion,SNM,Embryonic Structure
4886,C0002630,Amnion,SNMI,Embryonic Structure
4887,C0002630,amnion,CSP,Embryonic Structure
4888,C0002630,Amnion,FMA,Embryonic Structure
4889,C0002630,amnion,CHV,Embryonic Structure
4890,C0002630,Amnion,LCH_NW,Embryonic Structure
4891,C0002630,Amnion,SNOMEDCT_US,Embryonic Structure
4892,C0002630,Amnion,NCI,Embryonic Structure
4916,C0206728,Plexiform neurofibroma,ICD10AM,Neoplastic Process
4917,C0206728,Plexiform neurofibroma,RCD,Neoplastic Process
4918,C0206728,Plexiform neurofibroma,SNM,Neoplastic Process
4919,C0206728,Plexiform neurofibroma,SNMI,Neoplastic Process
4920,C0206728,Plexiform Neurofibroma,MSH,Neoplastic Process
4921,C0206728,plexiform neurofibroma,PDQ,Neoplastic Process
4922,C0206728,Plexiform neurofibroma,OMIM,Neoplastic Process
4923,C0206728,plexiform neurofibroma,CHV,Neoplastic Process
4924,C0206728,Plexiform neurofibroma,HPO,Neoplastic Process
4925,C0206728,Plexiform neurofibroma,MDR,Neoplastic Process
4926,C0206728,Plexiform neurofibroma,SNOMEDCT_US,Neoplastic Process
4928,C0206728,Plexiform Neurofibroma,NCI,Neoplastic Process
4929,C0206728,Plexiform Neurofibroma,MTH,Neoplastic Process
4930,C0751690,mpnst,CHV,Neoplastic Process
4931,C0751690,MPNST,MSH,Neoplastic Process
4932,C0751690,MPNST,ORPHANET,Neoplastic Process
4933,C1272575,heart tissue,CHV,Tissue
4934,C1272575,Heart tissue,SNOMEDCT_US,Tissue
4935,C1519477,Splenocytes,NCI,Cell
4936,C0022417,Joint,MSH,Body Space or Junction
4937,C1269611,Joint,RCD,Body Space or Junction
4938,C0022417,Joint,SNM,Body Space or Junction
4939,C0022417,Joint,UWDA,Body Space or Junction
4940,C0022417,joint,AOD,Body Space or Junction
4941,C0022417,joint,CSP,Body Space or Junction
4942,C1706309,Joint,NCI,Manufactured Object
4943,C0022417,Joint,FMA,Body Space or Junction
4944,C0022417,Joint,LNC,Body Space or Junction
4945,C0022417,joint,CHV,Body Space or Junction
4946,C0392905,joint,CHV,Body System
4949,C0022417,Joint,SNOMEDCT_US,Body Space or Junction
4952,C0022417,Joint,NCI,Body Space or Junction
4953,C0039099,Synovium,SNM,"Body Part, Organ, or Organ Component"
4954,C0039099,synovium,CSP,"Body Part, Organ, or Organ Component"
4955,C0039099,synovium,CHV,"Body Part, Organ, or Organ Component"
4956,C0039099,Synovium,MSH,"Body Part, Organ, or Organ Component"
4957,C0039099,Synovium,FMA,"Body Part, Organ, or Organ Component"
4958,C0039099,Synovium,NCI,"Body Part, Organ, or Organ Component"
4959,C0039099,Synovium,HL7V2.5,"Body Part, Organ, or Organ Component"
4967,C0031033,Periapical Tissue,MSH,Tissue
4968,C0031033,Periapical tissue,SNM,Tissue
4969,C0031033,Periapical tissue,SNMI,Tissue
4970,C0031033,Periapical tissue,SNOMEDCT_US,Tissue
4971,C0338106,COLON ADENOCARCINOMA,DXP,Neoplastic Process
4972,C0338106,colon adenocarcinoma,CHV,Neoplastic Process
4973,C0338106,Colon Adenocarcinoma,PDQ,Neoplastic Process
4974,C0338106,Colon Adenocarcinoma,MSH,Neoplastic Process
4975,C0338106,Colon Adenocarcinoma,NCI,Neoplastic Process
4976,C0302592,CERVICAL CARCINOMA,COSTAR,Neoplastic Process
4977,C0302592,Cervical carcinoma,OMIM,Neoplastic Process
4978,C0302592,cervical carcinoma,MEDCIN,Neoplastic Process
4979,C0302592,cervical carcinoma,CHV,Neoplastic Process
4980,C0302592,Cervical Carcinoma,NCI,Neoplastic Process
4981,C0728940,Resection,RCD,Therapeutic or Preventive Procedure
4982,C0728940,Resection,SNM,Therapeutic or Preventive Procedure
4983,C0015252,resection,CHV,Therapeutic or Preventive Procedure
4985,C0728940,Resection,LNC,Therapeutic or Preventive Procedure
4986,C0728940,Resection,SNOMEDCT_US,Therapeutic or Preventive Procedure
4987,C0015252,Resection,NCI,Therapeutic or Preventive Procedure
4988,C1510483,FNA,CSP,Diagnostic Procedure
4989,C1510483,fna,CHV,Diagnostic Procedure
4990,C1510483,FNA,PDQ,Diagnostic Procedure
4991,C0227264,Small intestine lamina propria,SNM,"Body Part, Organ, or Organ Component"
4992,C0227264,Small intestine lamina propria,SNMI,"Body Part, Organ, or Organ Component"
4993,C0227264,Small intestine lamina propria,UWDA,"Body Part, Organ, or Organ Component"
4994,C0227264,Small intestine lamina propria,FMA,"Body Part, Organ, or Organ Component"
4995,C0227264,Small intestine lamina propria,SNOMEDCT_US,"Body Part, Organ, or Organ Component"
5011,C1305624,Descending aorta,RCD,"Body Part, Organ, or Organ Component"
5012,C0011666,Descending aorta,UWDA,"Body Part, Organ, or Organ Component"
5013,C0011666,Descending aorta,FMA,"Body Part, Organ, or Organ Component"
5014,C0011666,descending aorta,CHV,"Body Part, Organ, or Organ Component"
5015,C0011666,Descending Aorta,MSH,"Body Part, Organ, or Organ Component"
5016,C0011666,Descending aorta,MTH,"Body Part, Organ, or Organ Component"
5017,C0011666,Descending Aorta,NCI,"Body Part, Organ, or Organ Component"
5031,C2717959,Induced Pluripotent Stem Cell,NCI,Cell
5032,C2717959,Induced Pluripotent Stem Cell,MSH,Cell
5033,C0017070,Dorsal root ganglion,RCD,"Body Part, Organ, or Organ Component"
5034,C0017070,Dorsal root ganglion,SNM,"Body Part, Organ, or Organ Component"
5035,C0017070,Dorsal root ganglion,SNMI,"Body Part, Organ, or Organ Component"
5036,C0017070,Dorsal root ganglion,UWDA,"Body Part, Organ, or Organ Component"
5037,C0017070,dorsal root ganglion,CSP,"Body Part, Organ, or Organ Component"
5038,C0017070,Dorsal root ganglion,FMA,"Body Part, Organ, or Organ Component"
5039,C0017070,dorsal root ganglion,CHV,"Body Part, Organ, or Organ Component"
5040,C0017070,Dorsal Root Ganglion,MSH,"Body Part, Organ, or Organ Component"
5041,C0017070,Dorsal root ganglion,SNOMEDCT_US,"Body Part, Organ, or Organ Component"
5042,C0017070,Dorsal Root Ganglion,NCI,"Body Part, Organ, or Organ Component"
5043,C0205430,Mixed,RCD,Functional Concept
5044,C0205430,Mixed,SNMI,Functional Concept
5045,C0205430,mixed,CHV,Functional Concept
5046,C0205430,Mixed,LNC,Functional Concept
5047,C0205430,Mixed,SNOMEDCT_US,Functional Concept
5048,C0205430,Mixed,NCI,Functional Concept
5049,C3160715,Mixed,NCI,Finding
5050,C5769773,Primary prostate cancer,SNOMEDCT_US,Neoplastic Process
5051,C0027625,CTC,NCI,Cell
5052,C0447596,Corpus cavernosum,RCD,"Body Part, Organ, or Organ Component"
5053,C0227937,Corpus cavernosum,FMA,"Body Part, Organ, or Organ Component"
5054,C0014597,Epithelial Cells,MSH,Cell
5055,C0014597,Epithelial cells,RCD,Cell
5056,C0014597,Epithelial Cells,MTH,Cell
5057,C0014597,Epithelial cells,LNC,Cell
5058,C0014597,epithelial cells,CHV,Cell
5060,C0014597,Epithelial cells,LCH_NW,Cell
5062,C0014597,Epithelial Cells,CPM,Cell
5063,C0014597,Epithelial cells,SNOMEDCT_US,Cell
5065,C0014597,Epithelial Cells,PSY,Cell
5066,C0014597,Epithelial Cells,NCI,Cell
5067,C1168401,Head and Neck Squamous Cell Carcinoma,MSH,Neoplastic Process
5068,C1168401,Head and Neck Squamous Cell Carcinoma,NCI,Neoplastic Process
5069,C0262950,Bone,LCH,"Body Part, Organ, or Organ Component"
5070,C0262950,Bone,RCD,"Body Part, Organ, or Organ Component"
5071,C0262950,Bone,SNM,"Body Part, Organ, or Organ Component"
5072,C0262950,Bone,UWDA,"Body Part, Organ, or Organ Component"
5073,C0262950,bone,AOD,"Body Part, Organ, or Organ Component"
5074,C0262950,bone,CSP,"Body Part, Organ, or Organ Component"
5075,C0262950,Bone,FMA,"Body Part, Organ, or Organ Component"
5076,C0262950,Bone,LNC,"Body Part, Organ, or Organ Component"
5077,C0262950,bone,CHV,"Body Part, Organ, or Organ Component"
5078,C0262950,Bone,SNOMEDCT_VET,"Body Part, Organ, or Organ Component"
5080,C0262950,Bone,LCH_NW,"Body Part, Organ, or Organ Component"
5083,C0262950,Bone,MSH,"Body Part, Organ, or Organ Component"
5084,C1442209,Bone,LNC,"Body Part, Organ, or Organ Component"
5086,C0262950,Bone,NCI,"Body Part, Organ, or Organ Component"
5087,C1550616,Bone,HL7V3.0,Body Substance
5088,C0262950,Bone,HL7V2.5,"Body Part, Organ, or Organ Component"
5089,C1546560,Bone,HL7V2.5,Intellectual Product
5090,C0002708,Amygdala,MSH,"Body Part, Organ, or Organ Component"
5091,C0002708,amygdala,AOD,"Body Part, Organ, or Organ Component"
5092,C0002708,amygdala,CSP,"Body Part, Organ, or Organ Component"
5093,C0002708,Amygdala,FMA,"Body Part, Organ, or Organ Component"
5094,C0002708,amygdala,CHV,"Body Part, Organ, or Organ Component"
5095,C0002708,amygdala,NEU,"Body Part, Organ, or Organ Component"
5096,C0002708,Amygdala,NEU,"Body Part, Organ, or Organ Component"
5097,C0002708,Amygdala,PSY,"Body Part, Organ, or Organ Component"
5098,C0002708,Amygdala,NCI,"Body Part, Organ, or Organ Component"
5099,C0440747,Lymph node tissue,RCD,Tissue
5100,C0440747,Lymph Node Tissue,MTH,Tissue
5101,C0440747,Lymph node tissue,SNOMEDCT_US,Tissue
5102,C0440747,Lymph Node Tissue,NCI,Tissue
5103,C0024264,Lymphocyte,MSH,Cell
5104,C0024264,Lymphocyte,RCD,Cell
5105,C0024264,Lymphocyte,SNM,Cell
5106,C0024264,lymphocyte,AOD,Cell
5107,C0024264,lymphocyte,CSP,Cell
5108,C0024264,Lymphocyte,FMA,Cell
5109,C0024264,Lymphocyte,LNC,Cell
5110,C0024264,lymphocyte,CHV,Cell
5111,C0024264,Lymphocyte,SNOMEDCT_US,Cell
5113,C0024264,Lymphocyte,NCI,Cell
5114,C0024264,Lymphocyte,MTH,Cell
5158,C0546837,esophageal cancer,AOD,Neoplastic Process
5159,C0546837,esophageal cancer,BI,Neoplastic Process
5160,C0014859,esophageal cancer,CSP,Neoplastic Process
5161,C0546837,Esophageal cancer,RCDAE,Neoplastic Process
5163,C0152018,ESOPHAGEAL CANCER,OMIM,Neoplastic Process
5164,C0546837,esophageal cancer,MEDCIN,Neoplastic Process
5165,C0546837,ESOPHAGEAL CANCER,CCPSS,Neoplastic Process
5166,C0546837,Esophageal cancer,OMIM,Neoplastic Process
5168,C0014859,esophageal cancer,CHV,Neoplastic Process
5169,C0546837,esophageal cancer,CHV,Neoplastic Process
5170,C0546837,Esophageal Cancer,MEDLINEPLUS,Neoplastic Process
5171,C0546837,Esophageal cancer,MDR,Neoplastic Process
5172,C0546837,Esophageal Cancer,MSH,Neoplastic Process
5173,C0546837,Esophageal Cancer,LNC,Neoplastic Process
5174,C0546837,Esophageal cancer,SNOMEDCT_US,Neoplastic Process
5175,C0546837,esophageal cancer,PDQ,Neoplastic Process
5176,C0546837,Esophageal cancer,PDQ,Neoplastic Process
5177,C0152018,Esophageal Cancer,NCI,Neoplastic Process
5178,C0027950,Neutrophils,LCH,Cell
5179,C0027950,Neutrophils,MSH,Cell
5180,C0027950,neutrophils,MTH,Cell
5181,C2238207,neutrophils,MEDCIN,Laboratory Procedure
5182,C0027950,Neutrophils,LNC,Cell
5183,C0027950,neutrophils,CHV,Cell
5185,C0027950,Neutrophils,LCH_NW,Cell
5186,C0027950,Neutrophils,MDR,Cell
5187,C0027950,Neutrophils,CPM,Cell
5190,C0192269,Esophageal biopsy,RCDAE,Diagnostic Procedure
5191,C0192269,Esophageal Biopsy,NCI,Diagnostic Procedure
5192,C0192269,esophageal biopsy,CHV,Diagnostic Procedure
5193,C0192269,Esophageal biopsy,MDR,Diagnostic Procedure
5194,C0192269,Esophageal biopsy,SNOMEDCT_US,Diagnostic Procedure
5195,C0008373,Cholesteatoma,COSTAR,Disease or Syndrome
5196,C0008373,Cholesteatoma,ICPC2P,Disease or Syndrome
5197,C0008373,Cholesteatoma,LCH,Disease or Syndrome
5198,C0008373,Cholesteatoma,MDR,Disease or Syndrome
5199,C0008373,Cholesteatoma,MSH,Disease or Syndrome
5200,C0008373,Cholesteatoma,RCD,Disease or Syndrome
5201,C0008373,Cholesteatoma,SNM,Disease or Syndrome
5202,C0008373,cholesteatoma,AOD,Disease or Syndrome
5203,C0008373,cholesteatoma,CSP,Disease or Syndrome
5204,C0008373,cholesteatoma,MEDCIN,Disease or Syndrome
5205,C0008373,CHOLESTEATOMA,CCPSS,Disease or Syndrome
5206,C0008373,cholesteatoma,CHV,Disease or Syndrome
5207,C0008373,Cholesteatoma,MTH,Disease or Syndrome
5208,C0008373,Cholesteatoma,LCH_NW,Disease or Syndrome
5209,C0008373,Cholesteatoma,HPO,Disease or Syndrome
5211,C0008373,Cholesteatoma,SNOMEDCT_US,Disease or Syndrome
5213,C0008373,Cholesteatoma,OMIM,Disease or Syndrome
5214,C0008373,cholesteatoma,ICPC2ICD10ENG,Disease or Syndrome
5215,C0008373,Cholesteatoma,NCI,Disease or Syndrome
5216,C0008373,cholesteatoma,ICPC2P,Disease or Syndrome
5217,C0035335,Retinoblastoma,LCH,Neoplastic Process
5218,C0035335,Retinoblastoma,MSH,Neoplastic Process
5219,C0035335,Retinoblastoma,RCD,Neoplastic Process
5220,C0035335,Retinoblastoma,SNM,Neoplastic Process
5221,C0035335,RETINOBLASTOMA,CCPSS,Neoplastic Process
5222,C0035335,RETINOBLASTOMA,DXP,Neoplastic Process
5223,C0035335,RETINOBLASTOMA,WHO,Neoplastic Process
5224,C0035335,retinoblastoma,AOD,Neoplastic Process
5225,C0035335,retinoblastoma,CSP,Neoplastic Process
5226,C0035335,RETINOBLASTOMA,OMIM,Neoplastic Process
5227,C0035335,retinoblastoma,MEDCIN,Neoplastic Process
5228,C0035335,retinoblastoma,CHV,Neoplastic Process
5229,C0035335,Retinoblastoma,OMIM,Neoplastic Process
5230,C0035335,Retinoblastoma,MEDLINEPLUS,Neoplastic Process
5231,C0035335,Retinoblastoma,LCH_NW,Neoplastic Process
5232,C0035335,Retinoblastoma,LNC,Neoplastic Process
5234,C0035335,Retinoblastoma,HPO,Neoplastic Process
5235,C0035335,Retinoblastoma,MDR,Neoplastic Process
5237,C0035335,Retinoblastoma,SNOMEDCT_US,Neoplastic Process
5239,C0035335,Retinoblastoma,ORPHANET,Neoplastic Process
5240,C0035335,Retinoblastoma,PDQ,Neoplastic Process
5241,C0035335,retinoblastoma,PDQ,Neoplastic Process
5242,C0035335,retinoblastoma,ICPC2ICD10ENG,Neoplastic Process
5243,C0035335,Retinoblastoma,MTH,Neoplastic Process
5244,C0035335,Retinoblastoma,NCI,Neoplastic Process
5245,C0035335,Retinoblastoma,ICPC2P,Neoplastic Process
5246,C0035335,retinoblastoma,ICPC2P,Neoplastic Process
5247,C0007102,colon cancer,BI,Neoplastic Process
5248,C0007102,colon cancer,CSP,Neoplastic Process
5249,C0007102,Colon cancer,OMIM,Neoplastic Process
5250,C0346629,colon cancer,MEDCIN,Neoplastic Process
5251,C0007102,COLON CANCER,CCPSS,Neoplastic Process
5253,C0007102,colon cancer,CHV,Neoplastic Process
5254,C0007102,Colon cancer,MEDLINEPLUS,Neoplastic Process
5255,C0007102,Colon Cancer,MEDLINEPLUS,Neoplastic Process
5256,C0007102,COLON CANCER,OMIM,Neoplastic Process
5258,C0007102,Colon cancer,HPO,Neoplastic Process
5259,C0007102,Colon cancer,MDR,Neoplastic Process
5260,C0007102,Colon Cancer,MSH,Neoplastic Process
5262,C0007102,Colon Cancer,LNC,Neoplastic Process
5264,C0007102,colon cancer,PDQ,Neoplastic Process
5265,C0007102,Colon cancer,PDQ,Neoplastic Process
5266,C0699790,Colon Cancer,NCI,Neoplastic Process
5267,C0857285,bone marrow aspirate,CHV,Body Substance
5268,C0857285,Bone marrow aspirate,MDR,Body Substance
5269,C0857285,Bone Marrow Aspirate,NCI,Body Substance
5270,C0194073,Kidney Biopsy,NCI,Diagnostic Procedure
5271,C0194073,Kidney biopsy,MTH,Diagnostic Procedure
5272,C0194073,kidney biopsy,CHV,Diagnostic Procedure
5273,C0194073,Kidney biopsy,MDR,Diagnostic Procedure
5274,C0194073,Kidney Biopsy,MEDLINEPLUS,Diagnostic Procedure
5275,C0194073,Kidney biopsy,SNOMEDCT_US,Diagnostic Procedure
5276,C0043425,Yolk Sac,MSH,Embryonic Structure
5277,C0043425,Yolk sac,LCH,Embryonic Structure
5278,C0043425,Yolk sac,SNM,Embryonic Structure
5279,C0043425,Yolk sac,SNMI,Embryonic Structure
5280,C0043425,Yolk sac,FMA,Embryonic Structure
5281,C0043425,Yolk sac,LNC,Embryonic Structure
5282,C0043425,yolk sac,CHV,Embryonic Structure
5284,C0043425,Yolk sac,LCH_NW,Embryonic Structure
5285,C0043425,Yolk sac,SNOMEDCT_US,Embryonic Structure
5287,C0043425,yolk sac,CSP,Embryonic Structure
5288,C0043425,Yolk Sac,NCI,Embryonic Structure
5289,C0043425,Yolk Sac,MTH,Embryonic Structure
5290,C1171346,Human Embryonic Stem Cells,MSH,Cell
5291,C2919642,Tracheal aspirate,SNOMEDCT_US,Body Substance
5292,C0879240,nasal swab,CHV,Medical Device
5293,C4318939,Nasal Swab,NCI,Laboratory Procedure
5294,C0420679,Nasal swab,SNOMEDCT_VET,Functional Concept
5295,C1705743,TIL,NCI,Gene or Genome
5296,C1366477,TIL,OMIM,Gene or Genome
5297,C0079722,TIL,CSP,Cell
5298,C0280661,TIL,PDQ,Therapeutic or Preventive Procedure
5299,C4282042,TIL,NCI,"Amino Acid, Peptide, or Protein"
5300,C4282042,TIL,NCI,Receptor
5301,C3472614,PBL,ORPHANET,Neoplastic Process
5302,C0040300,tissue,AOD,Tissue
5303,C0040300,tissue,CSP,Tissue
5304,C0040300,TISSUE,CCPSS,Tissue
5305,C0040300,Tissue,MSH,Tissue
5306,C0040300,Tissue,UWDA,Tissue
5307,C0040300,Tissue,FMA,Tissue
5308,C0040300,Tissue,LNC,Tissue
5309,C0040300,tissue,CHV,Tissue
5313,C0040300,Tissue,SNOMEDCT_US,Tissue
5315,C0040300,Tissue,NCI,Tissue
5316,C1547928,Tissue,HL7V2.5,Intellectual Product
5317,C0009402,colorectal carcinoma,CHV,Neoplastic Process
5318,C0009402,Colorectal Carcinoma,MTH,Neoplastic Process
5319,C0009402,Colorectal carcinoma,OMIM,Neoplastic Process
5320,C0009402,Colorectal carcinoma,MDR,Neoplastic Process
5321,C0009402,Colorectal Carcinoma,PDQ,Neoplastic Process
5322,C0009402,Colorectal Carcinoma,MSH,Neoplastic Process
5323,C0009402,Colorectal Carcinoma,NCI,Neoplastic Process
5334,C1510477,Endometrial biopsy,RCD,Diagnostic Procedure
5335,C1510477,Endometrial Biopsy,NCI,Diagnostic Procedure
5336,C1510477,endometrial biopsy,CHV,Diagnostic Procedure
5337,C1510477,Endometrial biopsy,MDR,Diagnostic Procedure
5338,C1510477,Endometrial biopsy,SNOMEDCT_US,Diagnostic Procedure
5339,C1510477,endometrial biopsy,MEDCIN,Diagnostic Procedure
5340,C1510477,Endometrial biopsy,MTH,Diagnostic Procedure
5341,C1548850,Endometrial Biopsy,HL7V2.5,Health Care Activity
5342,C1510477,endometrial biopsy,ICPC2P,Diagnostic Procedure
5343,C5231182,Normal lung,SNOMEDCT_US,Finding
5344,C0027088,Myometrium,LCH,"Body Part, Organ, or Organ Component"
5345,C0027088,Myometrium,MSH,"Body Part, Organ, or Organ Component"
5346,C0027088,Myometrium,RCD,"Body Part, Organ, or Organ Component"
5347,C0027088,Myometrium,SNM,"Body Part, Organ, or Organ Component"
5349,C0027088,Myometrium,UWDA,"Body Part, Organ, or Organ Component"
5350,C0027088,myometrium,AOD,"Body Part, Organ, or Organ Component"
5351,C0027088,myometrium,CSP,"Body Part, Organ, or Organ Component"
5352,C0027088,myometrium,MTH,"Body Part, Organ, or Organ Component"
5353,C0027088,MYOMETRIUM,SNMI,"Body Part, Organ, or Organ Component"
5354,C0027088,Myometrium,FMA,"Body Part, Organ, or Organ Component"
5355,C0027088,myometrium,CHV,"Body Part, Organ, or Organ Component"
5356,C0027088,Myometrium,LCH_NW,"Body Part, Organ, or Organ Component"
5357,C0027088,Myometrium,SNOMEDCT_US,"Body Part, Organ, or Organ Component"
5358,C0027088,Myometrium,NCI,"Body Part, Organ, or Organ Component"
5363,C0017071,Sympathetic Ganglion,MSH,"Body Part, Organ, or Organ Component"
5364,C0017071,sympathetic ganglion,CSP,"Body Part, Organ, or Organ Component"
5365,C0017071,Sympathetic ganglion,RCD,"Body Part, Organ, or Organ Component"
5366,C0017071,Sympathetic ganglion,UWDA,"Body Part, Organ, or Organ Component"
5367,C0017071,Sympathetic ganglion,FMA,"Body Part, Organ, or Organ Component"
5368,C0017071,sympathetic ganglion,CHV,"Body Part, Organ, or Organ Component"
5369,C0017071,Sympathetic ganglion,SNOMEDCT_US,"Body Part, Organ, or Organ Component"
5370,C0017071,Sympathetic Ganglion,NCI,"Body Part, Organ, or Organ Component"
5371,C0152310,Middle temporal gyrus,RCD,"Body Part, Organ, or Organ Component"
5372,C0152310,Middle temporal gyrus,SNM,"Body Part, Organ, or Organ Component"
5373,C0152310,Middle temporal gyrus,SNMI,"Body Part, Organ, or Organ Component"
5374,C0152310,Middle temporal gyrus,FMA,"Body Part, Organ, or Organ Component"
5375,C0152310,Middle Temporal Gyrus,NCI,"Body Part, Organ, or Organ Component"
5376,C0152310,middle temporal gyrus,NEU,"Body Part, Organ, or Organ Component"
5377,C0152310,Middle temporal gyrus,SNOMEDCT_US,"Body Part, Organ, or Organ Component"
5378,C0152310,Middle Temporal Gyrus,MSH,"Body Part, Organ, or Organ Component"
5379,C0002638,Amniotic Fluid,MSH,Body Substance
5380,C0002638,Amniotic Fluid,MTH,Body Substance
5381,C0002638,Amniotic fluid,RCD,Body Substance
5382,C0002638,Amniotic fluid,SNM,Body Substance
5383,C0002638,Amniotic fluid,SNMI,Body Substance
5384,C0002638,amniotic fluid,AOD,Body Substance
5385,C0002638,amniotic fluid,CSP,Body Substance
5386,C0002638,Amniotic fluid,OMIM,Body Substance
5387,C2239223,amniotic fluid,MEDCIN,Finding
5388,C0002638,amniotic fluid,CHV,Body Substance
5389,C0002638,Amniotic fluid,LNC,Body Substance
5390,C0002638,Amniotic fluid,FMA,Body Substance
5392,C0002638,Amniotic fluid,SNOMEDCT_US,Body Substance
5395,C0002638,Amniotic Fluid,PSY,Body Substance
5396,C0002638,Amniotic Fluid,NCI,Body Substance
5397,C1610731,Amniotic fluid,HL7V3.0,Body Substance
5398,C0002638,Amniotic fluid,HL7V2.5,Body Substance
5399,C1546538,Amniotic fluid,HL7V2.5,Intellectual Product
5400,C0010031,Cornea,LCH,"Body Part, Organ, or Organ Component"
5401,C0010031,Cornea,MSH,"Body Part, Organ, or Organ Component"
5402,C0010031,Cornea,MTH,"Body Part, Organ, or Organ Component"
5403,C0010031,Cornea,RCD,"Body Part, Organ, or Organ Component"
5404,C0010031,Cornea,SNM,"Body Part, Organ, or Organ Component"
5405,C0010031,Cornea,UWDA,"Body Part, Organ, or Organ Component"
5406,C0010031,cornea,AOD,"Body Part, Organ, or Organ Component"
5407,C0010031,cornea,CSP,"Body Part, Organ, or Organ Component"
5408,C0010031,Cornea,FMA,"Body Part, Organ, or Organ Component"
5409,C0010031,Cornea,ICF,"Body Part, Organ, or Organ Component"
5410,C0010031,Cornea,ICF-CY,"Body Part, Organ, or Organ Component"
5411,C0010031,Cornea,LNC,"Body Part, Organ, or Organ Component"
5412,C0010031,cornea,CHV,"Body Part, Organ, or Organ Component"
5413,C0010034,cornea,MEDCIN,Disease or Syndrome
5415,C0010031,Cornea,LCH_NW,"Body Part, Organ, or Organ Component"
5416,C0010031,Cornea,SNOMEDCT_US,"Body Part, Organ, or Organ Component"
5419,C0010031,Cornea,PSY,"Body Part, Organ, or Organ Component"
5420,C0010031,Cornea,NCI,"Body Part, Organ, or Organ Component"
5421,C0010031,Cornea,HL7V2.5,"Body Part, Organ, or Organ Component"
5422,C1550625,Cornea,HL7V3.0,Body Substance
5423,C0445208,RPE,RCD,Classification
5424,C1419621,RPE,OMIM,Gene or Genome
5425,C1419621,RPE,HGNC,Gene or Genome
5426,C4050303,RPE,NCI,Intellectual Product
5427,C0445208,RPE,SNOMEDCT_US,Classification
5428,C0035322,RPE,NCI,"Body Part, Organ, or Organ Component"
5429,C0022077,Iris,MSH,"Body Part, Organ, or Organ Component"
5430,C0022077,Iris,MTH,"Body Part, Organ, or Organ Component"
5431,C1001362,Iris,NCBI,Plant
5432,C0022077,Iris,RCD,"Body Part, Organ, or Organ Component"
5433,C0022077,Iris,SNM,"Body Part, Organ, or Organ Component"
5434,C0022077,Iris,UWDA,"Body Part, Organ, or Organ Component"
5435,C0022077,iris,AOD,"Body Part, Organ, or Organ Component"
5436,C0022077,iris,CSP,"Body Part, Organ, or Organ Component"
5437,C2314880,Iris,NCBI,Eukaryote
5438,C0022077,Iris,FMA,"Body Part, Organ, or Organ Component"
5439,C0022077,Iris,ICF,"Body Part, Organ, or Organ Component"
5440,C0022077,Iris,ICF-CY,"Body Part, Organ, or Organ Component"
5441,C0022077,Iris,LNC,"Body Part, Organ, or Organ Component"
5442,C0022077,iris,CHV,"Body Part, Organ, or Organ Component"
5443,C1001362,iris,CHV,Plant
5444,C1256254,iris,CHV,Pharmacologic Substance
5446,C1704743,IRIS,NCI,Gene or Genome
5448,C0022077,Iris,SNOMEDCT_US,"Body Part, Organ, or Organ Component"
5450,C1001362,Iris,SNOMEDCT_US,Plant
5451,C0022077,Iris,NCI,"Body Part, Organ, or Organ Component"
5464,C0206717,Olfactory neuroblastoma,RCD,Neoplastic Process
5465,C0206717,Olfactory neuroblastoma,SNM,Neoplastic Process
5466,C0206717,Olfactory neuroblastoma,SNMI,Neoplastic Process
5467,C0206717,Olfactory neuroblastoma,SNOMEDCT_US,Neoplastic Process
5468,C0206717,olfactory neuroblastoma,CHV,Neoplastic Process
5469,C0206717,Olfactory neuroblastoma,MEDCIN,Neoplastic Process
5470,C0206717,Olfactory Neuroblastoma,MSH,Neoplastic Process
5472,C0206717,Olfactory Neuroblastoma,PDQ,Neoplastic Process
5473,C0206717,Olfactory neuroblastoma,ORPHANET,Neoplastic Process
5474,C0206717,Olfactory Neuroblastoma,NCI,Neoplastic Process
5475,C0206717,Olfactory Neuroblastoma,MTH,Neoplastic Process
5476,C0596882,mammary epithelium,CSP,"Body Part, Organ, or Organ Component"
5477,C0596882,Mammary Epithelium,NCI,"Body Part, Organ, or Organ Component"
5478,C0442010,Buccal,RCD,Spatial Concept
5479,C0442010,Buccal,SNMI,Spatial Concept
5480,C0927218,Buccal,NCI,Body Location or Region
5481,C1522188,Buccal,NCI,Functional Concept
5482,C0442010,buccal,AOD,Spatial Concept
5483,C0442010,Buccal,LNC,Spatial Concept
5484,C0442010,buccal,CHV,Spatial Concept
5485,C1540415,Buccal,LNC,Body Location or Region
5486,C1522188,Buccal,SNOMEDCT_US,Functional Concept
5488,C0442010,Buccal,MTH,Spatial Concept
5489,C1522188,Buccal,HL7V2.5,Functional Concept
5490,C0442010,Buccal,HL7V2.5,Spatial Concept
5502,C0027627,Metastases,ICPC2P,Neoplastic Process
5503,C0027627,Metastases,MDR,Neoplastic Process
5504,C0027627,Metastases,MSH,Neoplastic Process
5505,C2939419,Metastases,RCD,Neoplastic Process
5506,C0027627,metastases,CHV,Neoplastic Process
5508,C2939419,Metastases,SNOMEDCT_US,Neoplastic Process
5509,C1513183,Metastases,NCI,Finding
5510,C0027627,metastases,ICPC2P,Neoplastic Process
5511,C0027819,Neuroblastoma,COSTAR,Neoplastic Process
5512,C0027819,Neuroblastoma,LCH,Neoplastic Process
5513,C0027819,Neuroblastoma,MSH,Neoplastic Process
5514,C0027819,Neuroblastoma,MTH,Neoplastic Process
5515,C0700095,Neuroblastoma,RCD,Neoplastic Process
5516,C0027819,Neuroblastoma,SNM,Neoplastic Process
5517,C0027819,NEUROBLASTOMA,CST,Neoplastic Process
5518,C0027819,NEUROBLASTOMA,DXP,Neoplastic Process
5519,C0027819,NEUROBLASTOMA,WHO,Neoplastic Process
5520,C0027819,neuroblastoma,AOD,Neoplastic Process
5521,C0027819,neuroblastoma,CSP,Neoplastic Process
5522,C0027819,Neuroblastoma,OMIM,Neoplastic Process
5523,C0027819,neuroblastoma,MEDCIN,Neoplastic Process
5524,C0027819,Neuroblastoma,SNOMEDCT_US,Neoplastic Process
5525,C0700095,neuroblastoma,CHV,Neoplastic Process
5526,C0027819,neuroblastoma,CHV,Neoplastic Process
5527,C0027819,Neuroblastoma,MEDLINEPLUS,Neoplastic Process
5528,C0027819,Neuroblastoma,LCH_NW,Neoplastic Process
5529,C0027819,Neuroblastoma,HPO,Neoplastic Process
5530,C0027819,Neuroblastoma,MDR,Neoplastic Process
5533,C0027819,Neuroblastoma,ORPHANET,Neoplastic Process
5534,C0027819,Neuroblastoma,PDQ,Neoplastic Process
5535,C0027819,neuroblastoma,PDQ,Neoplastic Process
5536,C0027819,Neuroblastoma,NCI,Neoplastic Process
5537,C1171346,hESCs,MSH,Cell
5551,C0205065,Ovarian,SNMI,"Body Part, Organ, or Organ Component"
5552,C0205065,OVARIAN,CCPSS,"Body Part, Organ, or Organ Component"
5553,C0205065,ovarian,CHV,"Body Part, Organ, or Organ Component"
5554,C0205065,Ovarian,NCI,"Body Part, Organ, or Organ Component"
5555,C0555952,Colorectal,RCD,Spatial Concept
5556,C0555952,colorectal,CHV,Spatial Concept
5557,C0555952,Colorectal,SNOMEDCT_US,Spatial Concept
5558,C0555952,Colorectal,NCI,Spatial Concept
5559,C0007635,cultured cells,CHV,Cell
5560,C0007635,Cultured cells,SNOMEDCT_US,Cell
5561,C0007635,Cultured Cells,MSH,Cell
5562,C0007635,Cultured Cells,MTH,Cell
5568,C0346991,Omental metastasis,RCD,Neoplastic Process
5569,C0346991,omental metastasis,CHV,Neoplastic Process
5570,C0346991,Omental metastasis,SNOMEDCT_US,Neoplastic Process
5571,C0003962,Ascites,CCS,Disease or Syndrome
5572,C0003962,Ascites,ICD10,Disease or Syndrome
5573,C0003962,Ascites,ICD10AM,Disease or Syndrome
5574,C0003962,Ascites,ICPC2P,Disease or Syndrome
5575,C0003962,Ascites,LCH,Disease or Syndrome
5576,C0003962,Ascites,MDR,Disease or Syndrome
5577,C0003962,Ascites,MSH,Disease or Syndrome
5578,C0003962,Ascites,RCD,Disease or Syndrome
5579,C0003962,Ascites,SNM,Disease or Syndrome
5580,C0003962,ASCITES,CCPSS,Disease or Syndrome
5581,C0003962,ASCITES,COSTAR,Disease or Syndrome
5582,C0003962,ASCITES,CST,Disease or Syndrome
5583,C0003962,ASCITES,DXP,Disease or Syndrome
5584,C0003962,ASCITES,WHO,Disease or Syndrome
5585,C0003962,ascites,AOD,Disease or Syndrome
5586,C0003962,ascites,CSP,Disease or Syndrome
5587,C0003962,ascites,OMS,Disease or Syndrome
5588,C0003962,Ascites,ICD9CM,Disease or Syndrome
5589,C0003962,ascites,MEDCIN,Disease or Syndrome
5591,C0003962,Ascites,ICD10CM,Disease or Syndrome
5592,C0003962,ascites,CHV,Disease or Syndrome
5593,C0003962,Ascites,OMIM,Disease or Syndrome
5594,C0003962,Ascites,LCH_NW,Disease or Syndrome
5595,C0003962,Ascites,HPO,Disease or Syndrome
5597,C0003962,Ascites,SNOMEDCT_US,Disease or Syndrome
5598,C0003962,Ascites,NANDA-I,Disease or Syndrome
5599,C0003962,Ascites,LNC,Disease or Syndrome
5600,C0003962,Ascites,NOC,Disease or Syndrome
5609,C0003962,ascites,ICPC2ICD10ENG,Disease or Syndrome
5610,C0003962,Ascites,MTH,Disease or Syndrome
5611,C0003962,Ascites,NCI,Disease or Syndrome
5612,C0003962,Ascites,HL7V2.5,Disease or Syndrome
5613,C0003962,ascites,ICPC2P,Disease or Syndrome
5614,C0227523,liver sinusoid,AOD,"Body Part, Organ, or Organ Component"
5615,C0227523,liver sinusoid,CHV,"Body Part, Organ, or Organ Component"
5616,C0230171,Flank,RCD,Body Location or Region
5617,C0230171,Flank,SNM,Body Location or Region
5618,C0230171,flank,AOD,Body Location or Region
5619,C0230171,Flank,FMA,Body Location or Region
5620,C0230171,FLANK,CCPSS,Body Location or Region
5621,C0230171,flank,CHV,Body Location or Region
5622,C0230171,Flank,NCI,Body Location or Region
5623,C0230171,Flank,UWDA,Body Location or Region
5624,C0230171,Flank,SNOMEDCT_US,Body Location or Region
5627,C0192867,colonic biopsy,CHV,Diagnostic Procedure
5628,C0192867,Colonic biopsy,MDR,Diagnostic Procedure
5629,C1179187,Lamina propria,FMA,Tissue
5630,C1179187,lamina propria,CHV,Tissue
5631,C1179187,Lamina propria,UWDA,Tissue
5632,C1179187,Lamina Propria,NCI,Tissue
5633,C1179187,Lamina Propria,MSH,Tissue
5634,C1185706,Fibrous membrane,UWDA,Tissue
5640,C0015935,Fetal Heart,MSH,Embryonic Structure
5641,C0015935,Fetal heart,FMA,Embryonic Structure
5642,C0015935,fetal heart,CHV,Embryonic Structure
5643,C0015935,Fetal heart,LCH_NW,Embryonic Structure
5644,C0015935,Fetal Heart,NCI,Embryonic Structure
5645,C1412102,THIO,OMIM,Gene or Genome
5646,C0013303,Duodenum,LCH,"Body Part, Organ, or Organ Component"
5647,C0013303,Duodenum,MSH,"Body Part, Organ, or Organ Component"
5648,C0013303,Duodenum,MTH,"Body Part, Organ, or Organ Component"
5649,C0013303,Duodenum,MTHMST,"Body Part, Organ, or Organ Component"
5650,C0013303,Duodenum,RCD,"Body Part, Organ, or Organ Component"
5651,C0013303,Duodenum,SNM,"Body Part, Organ, or Organ Component"
5652,C0013303,Duodenum,UWDA,"Body Part, Organ, or Organ Component"
5653,C0013303,duodenum,AOD,"Body Part, Organ, or Organ Component"
5654,C0013303,duodenum,CSP,"Body Part, Organ, or Organ Component"
5655,C0013303,DUODENUM,SNMI,"Body Part, Organ, or Organ Component"
5656,C0013303,Duodenum,FMA,"Body Part, Organ, or Organ Component"
5657,C0013303,Duodenum,LNC,"Body Part, Organ, or Organ Component"
5658,C0013303,duodenum,CHV,"Body Part, Organ, or Organ Component"
5659,C0013303,Duodenum,LCH_NW,"Body Part, Organ, or Organ Component"
5661,C0013303,Duodenum,SNOMEDCT_US,"Body Part, Organ, or Organ Component"
5664,C0013303,Duodenum,PSY,"Body Part, Organ, or Organ Component"
5665,C0013303,Duodenum,NCI,"Body Part, Organ, or Organ Component"
5666,C0023516,White blood cells,RCD,Cell
5667,C0023516,white blood cells,CHV,Cell
5668,C0023516,White blood cells,MDR,Cell
5669,C0023516,White Blood Cells,MSH,Cell
5670,C0023516,White blood cells,SNOMEDCT_US,Cell
5671,C0023516,White blood cells,LNC,Cell
5672,C0023516,White Blood Cells,PSY,Cell
5673,C0023516,White Blood Cells,NCI,Cell
5674,C0029463,Osteosarcoma,ICPC2P,Neoplastic Process
5675,C0029463,Osteosarcoma,MSH,Neoplastic Process
5676,C0029463,Osteosarcoma,RCD,Neoplastic Process
5677,C0029463,Osteosarcoma,SNM,Neoplastic Process
5678,C0029463,OSTEOSARCOMA,CCPSS,Neoplastic Process
5679,C0029463,OSTEOSARCOMA,COSTAR,Neoplastic Process
5680,C0029463,OSTEOSARCOMA,DXP,Neoplastic Process
5681,C0029463,osteosarcoma,AOD,Neoplastic Process
5682,C0029463,osteosarcoma,CSP,Neoplastic Process
5683,C0029463,Osteosarcoma,MTH,Neoplastic Process
5684,C0029463,osteosarcoma,CHV,Neoplastic Process
5685,C0585442,osteosarcoma,CHV,Neoplastic Process
5686,C0029463,Osteosarcoma,MEDLINEPLUS,Neoplastic Process
5687,C0029463,Osteosarcoma,MDR,Neoplastic Process
5688,C0029463,Osteosarcoma,OMIM,Neoplastic Process
5689,C0029463,Osteosarcoma,LCH_NW,Neoplastic Process
5690,C0029463,OSTEOSARCOMA,OMIM,Neoplastic Process
5692,C0029463,Osteosarcoma,HPO,Neoplastic Process
5694,C0694889,osteosarcoma,HGNC,Gene or Genome
5695,C0029463,Osteosarcoma,SNOMEDCT_US,Neoplastic Process
5696,C0029463,Osteosarcoma,ORPHANET,Neoplastic Process
5697,C0029463,Osteosarcoma,PDQ,Neoplastic Process
5698,C0029463,osteosarcoma,PDQ,Neoplastic Process
5699,C0029463,Osteosarcoma,NCI,Neoplastic Process
5700,C0029463,osteosarcoma,ICPC2P,Neoplastic Process
5701,C0004114,Astrocytoma,ICPC2P,Neoplastic Process
5702,C0004114,Astrocytoma,MDR,Neoplastic Process
5703,C0004114,Astrocytoma,MSH,Neoplastic Process
5704,C0004114,Astrocytoma,RCD,Neoplastic Process
5705,C0004114,Astrocytoma,SNM,Neoplastic Process
5706,C0004114,ASTROCYTOMA,COSTAR,Neoplastic Process
5707,C0004114,ASTROCYTOMA,WHO,Neoplastic Process
5708,C0004114,astrocytoma,AOD,Neoplastic Process
5709,C0004114,astrocytoma,CSP,Neoplastic Process
5710,C0004114,ASTROCYTOMA,OMIM,Neoplastic Process
5711,C0004114,Astrocytoma,OMIM,Neoplastic Process
5712,C0004114,Astrocytoma,NCI,Neoplastic Process
5713,C0004114,astrocytoma,CHV,Neoplastic Process
5714,C0004114,Astrocytoma,HPO,Neoplastic Process
5716,C0004114,Astrocytoma,MTH,Neoplastic Process
5717,C0004114,Astrocytoma,SNOMEDCT_US,Neoplastic Process
5718,C0004114,Astrocytoma,ORPHANET,Neoplastic Process
5719,C0004114,astrocytoma,ICPC2P,Neoplastic Process
5720,C3499032,cortical plate,NEU,"Body Part, Organ, or Organ Component"
5721,C0007776,cortical plate,NEU,"Body Part, Organ, or Organ Component"
5722,C3499032,cortical plate,MTH,"Body Part, Organ, or Organ Component"
5723,C0007776,Cortical Plate,MSH,"Body Part, Organ, or Organ Component"
5724,C0007765,Cerebellum,LCH,"Body Part, Organ, or Organ Component"
5725,C0007765,Cerebellum,MSH,"Body Part, Organ, or Organ Component"
5726,C0007765,Cerebellum,MTH,"Body Part, Organ, or Organ Component"
5727,C0007765,Cerebellum,RCD,"Body Part, Organ, or Organ Component"
5728,C0007765,Cerebellum,SNM,"Body Part, Organ, or Organ Component"
5730,C0007765,CEREBELLUM,SNMI,"Body Part, Organ, or Organ Component"
5731,C0007765,cerebellum,AOD,"Body Part, Organ, or Organ Component"
5732,C0007765,cerebellum,CSP,"Body Part, Organ, or Organ Component"
5733,C0007765,Cerebellum,FMA,"Body Part, Organ, or Organ Component"
5734,C0007765,Cerebellum,LNC,"Body Part, Organ, or Organ Component"
5735,C0007765,cerebellum,CHV,"Body Part, Organ, or Organ Component"
5736,C0007765,cerebellum,NEU,"Body Part, Organ, or Organ Component"
5737,C0007765,Cerebellum,NEU,"Body Part, Organ, or Organ Component"
5739,C0007765,Cerebellum,LCH_NW,"Body Part, Organ, or Organ Component"
5740,C0007765,Cerebellum,SNOMEDCT_US,"Body Part, Organ, or Organ Component"
5742,C0007765,Cerebellum,PSY,"Body Part, Organ, or Organ Component"
5743,C0007765,Cerebellum,NCI,"Body Part, Organ, or Organ Component"
5746,C0028785,Occipital cortex,FMA,"Body Part, Organ, or Organ Component"
5747,C0028785,occipital cortex,CSP,"Body Part, Organ, or Organ Component"
5748,C0028785,occipital cortex,CHV,"Body Part, Organ, or Organ Component"
5749,C0028785,occipital cortex,NEU,"Body Part, Organ, or Organ Component"
5750,C3811911,Occipital Cortex,MSH,"Body Part, Organ, or Organ Component"
5751,C3811911,occipital cortex,NEU,"Body Part, Organ, or Organ Component"
5752,C0228221,Occipital Cortex,NCI,"Body Part, Organ, or Organ Component"
5753,C0736268,Liver tissue,RCD,"Body Part, Organ, or Organ Component"
5754,C0736268,liver tissue,AOD,"Body Part, Organ, or Organ Component"
5755,C0736268,Liver Tissue,NCI,"Body Part, Organ, or Organ Component"
5756,C0736268,liver tissue,CHV,"Body Part, Organ, or Organ Component"
5757,C0736268,Liver tissue,SNOMEDCT_US,"Body Part, Organ, or Organ Component"
5758,C0003483,Aorta,LCH,"Body Part, Organ, or Organ Component"
5759,C0003483,Aorta,MSH,"Body Part, Organ, or Organ Component"
5760,C0003483,Aorta,MTH,"Body Part, Organ, or Organ Component"
5761,C0003483,Aorta,RCD,"Body Part, Organ, or Organ Component"
5762,C0003483,Aorta,SNM,"Body Part, Organ, or Organ Component"
5764,C0003483,Aorta,UWDA,"Body Part, Organ, or Organ Component"
5765,C0003483,AORTA,CCPSS,"Body Part, Organ, or Organ Component"
5766,C0003483,AORTA,SNMI,"Body Part, Organ, or Organ Component"
5767,C0003483,aorta,AOD,"Body Part, Organ, or Organ Component"
5768,C0003483,aorta,CSP,"Body Part, Organ, or Organ Component"
5769,C0003483,Aorta,FMA,"Body Part, Organ, or Organ Component"
5770,C0003483,Aorta,LNC,"Body Part, Organ, or Organ Component"
5771,C0003483,aorta,CHV,"Body Part, Organ, or Organ Component"
5773,C0003483,Aorta,LCH_NW,"Body Part, Organ, or Organ Component"
5774,C0003483,Aorta,SNOMEDCT_US,"Body Part, Organ, or Organ Component"
5776,C4037978,Aorta,LNC,"Body Part, Organ, or Organ Component"
5777,C0003483,Aorta,PSY,"Body Part, Organ, or Organ Component"
5778,C0003483,Aorta,NCI,"Body Part, Organ, or Organ Component"
5779,C0003483,Aorta,HL7V2.5,"Body Part, Organ, or Organ Component"
5780,C0013935,Embryonic,SNMI,Embryonic Structure
5781,C0013935,Embryonic,NCI,Embryonic Structure
5803,C0009437,Common Bile Duct,MSH,"Body Part, Organ, or Organ Component"
5804,C0009437,Common bile duct,RCD,"Body Part, Organ, or Organ Component"
5805,C0009437,Common bile duct,SNM,"Body Part, Organ, or Organ Component"
5806,C0009437,Common bile duct,UWDA,"Body Part, Organ, or Organ Component"
5807,C0009437,common bile duct,AOD,"Body Part, Organ, or Organ Component"
5808,C0009437,Common bile duct,FMA,"Body Part, Organ, or Organ Component"
5809,C0009437,common bile duct,CHV,"Body Part, Organ, or Organ Component"
5810,C0009437,Common bile duct,SNOMEDCT_US,"Body Part, Organ, or Organ Component"
5811,C0009437,Common Bile Duct,NCI,"Body Part, Organ, or Organ Component"
5839,C0014609,Epithelium,LCH,Tissue
5840,C0014609,Epithelium,MSH,Tissue
5841,C0014609,Epithelium,SNM,Tissue
5842,C0014609,Epithelium,UWDA,Tissue
5843,C0014609,epithelium,AOD,Tissue
5844,C0014609,epithelium,CSP,Tissue
5845,C0014609,Epithelium,FMA,Tissue
5846,C0014609,epithelium,CHV,Tissue
5847,C0014609,Epithelium,LCH_NW,Tissue
5848,C0014609,Epithelium,SNOMEDCT_US,Tissue
5849,C0014609,Epithelium,PSY,Tissue
5850,C0014609,Epithelium,NCI,Tissue
5851,C0242629,cd8 cell,CHV,Cell
5852,C0242629,CD8 Cell,NCI,Cell
5853,C0039987,Thoracic Vertebrae,MSH,"Body Part, Organ, or Organ Component"
5854,C0039987,Thoracic Vertebrae,AOT,"Body Part, Organ, or Organ Component"
5855,C0039987,thoracic vertebrae,AOD,"Body Part, Organ, or Organ Component"
5856,C0039987,thoracic vertebrae,CSP,"Body Part, Organ, or Organ Component"
5857,C0039987,Thoracic vertebrae,FMA,"Body Part, Organ, or Organ Component"
5858,C0039987,thoracic vertebrae,CHV,"Body Part, Organ, or Organ Component"
5859,C0039987,Thoracic vertebrae,LCH_NW,"Body Part, Organ, or Organ Component"
5860,C0039987,Thoracic vertebrae,UWDA,"Body Part, Organ, or Organ Component"
5861,C0039987,Thoracic Vertebrae,NCI,"Body Part, Organ, or Organ Component"
5862,C0015811,Femur,LCH,"Body Part, Organ, or Organ Component"
5863,C0015811,Femur,MSH,"Body Part, Organ, or Organ Component"
5864,C0015811,Femur,RCD,"Body Part, Organ, or Organ Component"
5865,C0015811,Femur,SNM,"Body Part, Organ, or Organ Component"
5866,C0015811,Femur,UWDA,"Body Part, Organ, or Organ Component"
5867,C0015811,femur,AOD,"Body Part, Organ, or Organ Component"
5868,C0015811,femur,CSP,"Body Part, Organ, or Organ Component"
5869,C0015811,Femur,FMA,"Body Part, Organ, or Organ Component"
5870,C0015811,Femur,LNC,"Body Part, Organ, or Organ Component"
5871,C0015811,femur,CHV,"Body Part, Organ, or Organ Component"
5873,C0015811,Femur,LCH_NW,"Body Part, Organ, or Organ Component"
5875,C0015811,Femur,SNOMEDCT_US,"Body Part, Organ, or Organ Component"
5877,C4299098,Femur,LNC,"Body Part, Organ, or Organ Component"
5878,C0015811,Femur,MTH,"Body Part, Organ, or Organ Component"
5879,C0015811,Femur,NCI,"Body Part, Organ, or Organ Component"
5880,C0015811,Femur,HL7V2.5,"Body Part, Organ, or Organ Component"
5881,C0018873,HeLa cells,LCH,Cell
5882,C0018873,hela cells,CHV,Cell
5883,C0018873,HeLa Cells,MSH,Cell
5884,C0018873,HeLa cells,LCH_NW,Cell
5885,C0018873,HeLa Cells,NCI,Cell
5886,C2717940,HepG2 Cells,MSH,Cell
5887,C0278701,Gastric adenocarcinoma,OMIM,Neoplastic Process
5888,C0278701,gastric adenocarcinoma,CHV,Neoplastic Process
5889,C0278701,Gastric adenocarcinoma,SNOMEDCT_VET,Neoplastic Process
5890,C0278701,Gastric Adenocarcinoma,PDQ,Neoplastic Process
5891,C0278701,Gastric adenocarcinoma,HPO,Neoplastic Process
5892,C0278701,Gastric Adenocarcinoma,NCI,Neoplastic Process
5893,C0278701,Gastric Adenocarcinoma,MTH,Neoplastic Process
5894,C0027625,Circulating tumor cells,LNC,Cell
5895,C0027625,Circulating Tumor Cells,MSH,Cell
5898,C0225435,Middle turbinate,RCD,"Body Part, Organ, or Organ Component"
5899,C0225435,Middle turbinate,FMA,"Body Part, Organ, or Organ Component"
5900,C0225435,middle turbinate,CHV,"Body Part, Organ, or Organ Component"
5901,C0225435,Middle turbinate,SNOMEDCT_US,"Body Part, Organ, or Organ Component"
5921,C0027651,Tumors,LCH,Neoplastic Process
5922,C0027651,tumors,CHV,Neoplastic Process
5923,C0027651,Tumors,LCH_NW,Neoplastic Process
5924,C0027651,Tumors,MSH,Neoplastic Process
5925,C0027651,Tumors,NOC,Neoplastic Process
5926,C0027651,Tumors,PSY,Neoplastic Process
5927,C0086610,Mesothelium,SNM,Tissue
5928,C0086610,Mesothelium,UWDA,Tissue
5929,C0086610,mesothelium,AOD,Tissue
5930,C0086610,Mesothelium,FMA,Tissue
5931,C0086610,mesothelium,CHV,Tissue
5932,C0086610,Mesothelium,SNOMEDCT_US,Tissue
5933,C0086610,Mesothelium,MTH,Tissue
5934,C0086610,Mesothelium,NCI,Tissue
5935,C0086610,Mesothelium,MSH,Tissue
5979,C3669124,Omental fat,SNOMEDCT_VET,"Body Part, Organ, or Organ Component"
5980,C0028977,Omental Fat,NCI,"Body Part, Organ, or Organ Component"
6004,C0007759,Cerebellar Cortex,MSH,"Body Part, Organ, or Organ Component"
6005,C0007759,Cerebellar cortex,LCH,"Body Part, Organ, or Organ Component"
6006,C0007759,Cerebellar cortex,SNM,"Body Part, Organ, or Organ Component"
6007,C0007759,cerebellar cortex,AOD,"Body Part, Organ, or Organ Component"
6008,C0007759,cerebellar cortex,CSP,"Body Part, Organ, or Organ Component"
6009,C0007759,Cerebellar Cortex,NCI,"Body Part, Organ, or Organ Component"
6010,C0007759,Cerebellar cortex,FMA,"Body Part, Organ, or Organ Component"
6011,C0007759,cerebellar cortex,CHV,"Body Part, Organ, or Organ Component"
6012,C0007759,cerebellar cortex,NEU,"Body Part, Organ, or Organ Component"
6013,C0007759,Cerebellar cortex,LCH_NW,"Body Part, Organ, or Organ Component"
6014,C0007759,Cerebellar cortex,SNOMEDCT_US,"Body Part, Organ, or Organ Component"
6015,C0007759,Cerebellar Cortex,PSY,"Body Part, Organ, or Organ Component"
6016,C0684084,skin tissue,AOD,Tissue
6017,C0684084,skin tissue,CHV,Tissue
6018,C0684084,Skin tissue,MTH,Tissue
6019,C0684084,Skin tissue,SNOMEDCT_US,Tissue
6020,C4520859,Skin Tissue,NCI,Tissue
6044,C3714606,neural,CSP,Functional Concept
6045,C3714606,neural,CHV,Functional Concept
6046,C3714606,Neural,NCI,Functional Concept
6047,C0229090,Left eye,RCD,"Body Part, Organ, or Organ Component"
6048,C0229090,Left eye,SNM,"Body Part, Organ, or Organ Component"
6049,C0229090,Left eye,SNMI,"Body Part, Organ, or Organ Component"
6050,C0229090,Left eye,UWDA,"Body Part, Organ, or Organ Component"
6051,C2141124,left eye,MEDCIN,Diagnostic Procedure
6052,C0229090,Left eye,FMA,"Body Part, Organ, or Organ Component"
6053,C0229090,left eye,CHV,"Body Part, Organ, or Organ Component"
6054,C0229090,left eye,HL7V3.0,"Body Part, Organ, or Organ Component"
6055,C0229090,Left eye,LNC,"Body Part, Organ, or Organ Component"
6056,C0229090,Left Eye,NCI,"Body Part, Organ, or Organ Component"
6057,C0229090,Left eye,SNOMEDCT_US,"Body Part, Organ, or Organ Component"
6059,C0229090,Left Eye,HL7V2.5,"Body Part, Organ, or Organ Component"
6060,C0229089,Right eye,RCD,"Body Part, Organ, or Organ Component"
6061,C0229089,Right eye,SNM,"Body Part, Organ, or Organ Component"
6062,C0229089,Right eye,SNMI,"Body Part, Organ, or Organ Component"
6063,C0229089,Right eye,UWDA,"Body Part, Organ, or Organ Component"
6064,C2177784,right eye,MEDCIN,Diagnostic Procedure
6065,C0229089,Right eye,FMA,"Body Part, Organ, or Organ Component"
6066,C0229089,right eye,CHV,"Body Part, Organ, or Organ Component"
6067,C0229089,right eye,HL7V3.0,"Body Part, Organ, or Organ Component"
6068,C0229089,Right eye,LNC,"Body Part, Organ, or Organ Component"
6069,C0229089,Right Eye,NCI,"Body Part, Organ, or Organ Component"
6070,C0229089,Right eye,SNOMEDCT_US,"Body Part, Organ, or Organ Component"
6072,C0229089,Right eye,MTH,"Body Part, Organ, or Organ Component"
6073,C0229089,Right Eye,HL7V2.5,"Body Part, Organ, or Organ Component"
6074,C0229289,Lacrimal sac,RCD,Body Space or Junction
6075,C0229289,Lacrimal sac,SNM,Body Space or Junction
6076,C0229289,Lacrimal sac,SNMI,Body Space or Junction
6077,C0229289,Lacrimal sac,UWDA,Body Space or Junction
6078,C2071432,lacrimal sac,MEDCIN,Health Care Activity
6079,C0229289,Lacrimal sac,FMA,Body Space or Junction
6080,C0229289,lacrimal sac,CHV,Body Space or Junction
6081,C0229289,Lacrimal Sac,MSH,Body Space or Junction
6082,C0229289,Lacrimal sac,SNOMEDCT_US,Body Space or Junction
6083,C0229289,Lacrimal Sac,NCI,Body Space or Junction
6084,C0229289,Lacrimal sac,MTH,Body Space or Junction
6085,C0345905,Intrahepatic cholangiocarcinoma,MDR,Neoplastic Process
6086,C0345905,Intrahepatic Cholangiocarcinoma,MSH,Neoplastic Process
6087,C0345905,Intrahepatic cholangiocarcinoma,SNOMEDCT_US,Neoplastic Process
6088,C0345905,Intrahepatic Cholangiocarcinoma,NCI,Neoplastic Process
6089,C0345905,Intrahepatic Cholangiocarcinoma,MTH,Neoplastic Process
6090,C3805278,Extrahepatic cholangiocarcinoma,MDR,Neoplastic Process
6091,C3805278,Extrahepatic Cholangiocarcinoma,MSH,Neoplastic Process
6108,C0006255,Bronchi,LCH,"Body Part, Organ, or Organ Component"
6109,C0006255,Bronchi,MSH,"Body Part, Organ, or Organ Component"
6110,C0006255,Bronchi,MTH,"Body Part, Organ, or Organ Component"
6111,C0006255,BRONCHI,SNMI,"Body Part, Organ, or Organ Component"
6112,C0006255,Bronchi,FMA,"Body Part, Organ, or Organ Component"
6113,C0006255,bronchi,CHV,"Body Part, Organ, or Organ Component"
6114,C0006255,Bronchi,LCH_NW,"Body Part, Organ, or Organ Component"
6115,C0006255,Bronchi,UWDA,"Body Part, Organ, or Organ Component"
6116,C0006255,Bronchi,PSY,"Body Part, Organ, or Organ Component"
6117,C0006255,Bronchi,NCI,"Body Part, Organ, or Organ Component"
6118,C0006270,Bronchiole,RCD,"Body Part, Organ, or Organ Component"
6119,C0006270,Bronchiole,SNM,"Body Part, Organ, or Organ Component"
6121,C0006270,Bronchiole,UWDA,"Body Part, Organ, or Organ Component"
6122,C0006270,bronchiole,CSP,"Body Part, Organ, or Organ Component"
6123,C0006270,Bronchiole,FMA,"Body Part, Organ, or Organ Component"
6124,C0006270,bronchiole,CHV,"Body Part, Organ, or Organ Component"
6125,C0006270,Bronchiole,MSH,"Body Part, Organ, or Organ Component"
6126,C0006270,Bronchiole,SNOMEDCT_US,"Body Part, Organ, or Organ Component"
6127,C0006270,Bronchiole,NCI,"Body Part, Organ, or Organ Component"
6129,C0192867,colon biopsy,CHV,Diagnostic Procedure
6130,C0192867,Colon biopsy,MDR,Diagnostic Procedure
6131,C3686616,Mesenteric adipose tissue,SNOMEDCT_VET,Tissue
6151,C0230373,Palm,MTH,Body Location or Region
6152,C0230373,Palm,RCD,Body Location or Region
6153,C0230373,Palm,SNM,Body Location or Region
6154,C0230373,Palm,SNMI,Body Location or Region
6155,C0817662,Palm,UWDA,Body Location or Region
6156,C1418262,PALM,OMIM,Gene or Genome
6157,C0817662,Palm,FMA,Body Location or Region
6158,C0817662,palm,CHV,Body Location or Region
6159,C0230373,palm,CHV,Body Location or Region
6160,C1418262,PALM,HGNC,Gene or Genome
6161,C0230373,Palm,SNOMEDCT_US,Body Location or Region
6162,C0230373,Palm,HL7V2.5,Body Location or Region
6164,C0021815,Intervertebral disc,RCD,"Body Part, Organ, or Organ Component"
6165,C0021815,Intervertebral disc,SNM,"Body Part, Organ, or Organ Component"
6166,C0021815,Intervertebral disc,UWDA,"Body Part, Organ, or Organ Component"
6167,C0021815,Intervertebral Disc,NCI,"Body Part, Organ, or Organ Component"
6168,C0021815,Intervertebral disc,FMA,"Body Part, Organ, or Organ Component"
6169,C0021815,intervertebral disc,CHV,"Body Part, Organ, or Organ Component"
6170,C0021815,Intervertebral Disc,MSH,"Body Part, Organ, or Organ Component"
6171,C0021815,Intervertebral disc,LNC,"Body Part, Organ, or Organ Component"
6175,C0021815,Intervertebral disc,SNOMEDCT_US,"Body Part, Organ, or Organ Component"
6176,C0007113,rectum cancer,CHV,Neoplastic Process
6177,C0007113,Rectum Cancer,MSH,Neoplastic Process
6178,C0007113,rectum cancer,PDQ,Neoplastic Process
6179,C0007113,rectum cancer,CSP,Neoplastic Process
6180,C0229792,Mesenteric lymph node,SNM,"Body Part, Organ, or Organ Component"
6181,C0229792,Mesenteric lymph node,UWDA,"Body Part, Organ, or Organ Component"
6182,C0229792,Mesenteric lymph node,FMA,"Body Part, Organ, or Organ Component"
6183,C0229792,Mesenteric Lymph Node,NCI,"Body Part, Organ, or Organ Component"
6184,C0229792,mesenteric lymph node,CHV,"Body Part, Organ, or Organ Component"
6185,C0576734,mesenteric lymph node,CHV,"Body Part, Organ, or Organ Component"
6186,C0229792,Mesenteric lymph node,SNOMEDCT_US,"Body Part, Organ, or Organ Component"
6187,C0022378,Jejunum,LCH,"Body Part, Organ, or Organ Component"
6188,C0022378,Jejunum,MSH,"Body Part, Organ, or Organ Component"
6189,C0022378,Jejunum,MTHMST,"Body Part, Organ, or Organ Component"
6190,C0022378,Jejunum,RCD,"Body Part, Organ, or Organ Component"
6191,C0022378,Jejunum,SNM,"Body Part, Organ, or Organ Component"
6192,C0022378,Jejunum,UWDA,"Body Part, Organ, or Organ Component"
6193,C0022378,jejunum,AOD,"Body Part, Organ, or Organ Component"
6194,C0022378,jejunum,CSP,"Body Part, Organ, or Organ Component"
6195,C0022378,JEJUNUM,SNMI,"Body Part, Organ, or Organ Component"
6196,C0022378,Jejunum,FMA,"Body Part, Organ, or Organ Component"
6197,C0022378,Jejunum,MTH,"Body Part, Organ, or Organ Component"
6198,C0022378,Jejunum,LNC,"Body Part, Organ, or Organ Component"
6199,C0022378,jejunum,CHV,"Body Part, Organ, or Organ Component"
6200,C0022378,Jejunum,LCH_NW,"Body Part, Organ, or Organ Component"
6202,C0022378,Jejunum,SNOMEDCT_US,"Body Part, Organ, or Organ Component"
6203,C4319024,Jejunum,LNC,"Body Part, Organ, or Organ Component"
6205,C0022378,Jejunum,NCI,"Body Part, Organ, or Organ Component"
6206,C0729596,Inguinal lymph node,RCD,"Body Part, Organ, or Organ Component"
6207,C0729596,Inguinal lymph node,SNM,"Body Part, Organ, or Organ Component"
6208,C0729596,Inguinal lymph node,UWDA,"Body Part, Organ, or Organ Component"
6209,C0729596,Inguinal lymph node,FMA,"Body Part, Organ, or Organ Component"
6210,C0729596,inguinal lymph node,CHV,"Body Part, Organ, or Organ Component"
6211,C0729596,Inguinal lymph node,SNOMEDCT_US,"Body Part, Organ, or Organ Component"
6212,C0729596,Inguinal Lymph Node,NCI,"Body Part, Organ, or Organ Component"
6213,C0020663,Hypothalamus,LCH,"Body Part, Organ, or Organ Component"
6214,C0020663,Hypothalamus,MSH,"Body Part, Organ, or Organ Component"
6215,C0020663,Hypothalamus,RCD,"Body Part, Organ, or Organ Component"
6216,C0020663,Hypothalamus,SNM,"Body Part, Organ, or Organ Component"
6218,C0020663,HYPOTHALAMUS,SNMI,"Body Part, Organ, or Organ Component"
6219,C0020663,hypothalamus,AOD,"Body Part, Organ, or Organ Component"
6220,C0020663,hypothalamus,CSP,"Body Part, Organ, or Organ Component"
6221,C0020663,Hypothalamus,FMA,"Body Part, Organ, or Organ Component"
6222,C0020663,hypothalamus,CHV,"Body Part, Organ, or Organ Component"
6223,C0020663,hypothalamus,NEU,"Body Part, Organ, or Organ Component"
6224,C0020663,Hypothalamus,NEU,"Body Part, Organ, or Organ Component"
6225,C0020663,Hypothalamus,LCH_NW,"Body Part, Organ, or Organ Component"
6226,C0020663,Hypothalamus,SNOMEDCT_US,"Body Part, Organ, or Organ Component"
6227,C0020663,Hypothalamus,PSY,"Body Part, Organ, or Organ Component"
6228,C0020663,Hypothalamus,NCI,"Body Part, Organ, or Organ Component"
6229,C1719918,Sigma,SNOMEDCT_US,Intellectual Product
6230,C0227389,Descending colon,MTH,"Body Part, Organ, or Organ Component"
6231,C0227389,Descending colon,MTHMST,"Body Part, Organ, or Organ Component"
6232,C0227389,Descending colon,RCD,"Body Part, Organ, or Organ Component"
6233,C0227389,Descending colon,SNM,"Body Part, Organ, or Organ Component"
6234,C0227389,Descending colon,SNMI,"Body Part, Organ, or Organ Component"
6235,C0227389,Descending colon,UWDA,"Body Part, Organ, or Organ Component"
6236,C0227389,descending colon,AOD,"Body Part, Organ, or Organ Component"
6237,C0227389,descending colon,CSP,"Body Part, Organ, or Organ Component"
6238,C0227389,Descending colon,FMA,"Body Part, Organ, or Organ Component"
6239,C0227389,descending colon,CHV,"Body Part, Organ, or Organ Component"
6240,C0227389,Descending colon,LNC,"Body Part, Organ, or Organ Component"
6241,C0227389,Descending Colon,MSH,"Body Part, Organ, or Organ Component"
6242,C0227389,Descending colon,SNOMEDCT_US,"Body Part, Organ, or Organ Component"
6243,C0227389,Descending Colon,NCI,"Body Part, Organ, or Organ Component"
6244,C0227386,Transverse colon,MTH,"Body Part, Organ, or Organ Component"
6245,C0227386,Transverse colon,MTHMST,"Body Part, Organ, or Organ Component"
6246,C0227386,Transverse colon,RCD,"Body Part, Organ, or Organ Component"
6247,C0227386,Transverse colon,SNM,"Body Part, Organ, or Organ Component"
6248,C0227386,Transverse colon,SNMI,"Body Part, Organ, or Organ Component"
6249,C0227386,Transverse colon,UWDA,"Body Part, Organ, or Organ Component"
6250,C0227386,transverse colon,AOD,"Body Part, Organ, or Organ Component"
6251,C0227386,transverse colon,CSP,"Body Part, Organ, or Organ Component"
6252,C0227386,Transverse colon,FMA,"Body Part, Organ, or Organ Component"
6253,C0227386,transverse colon,CHV,"Body Part, Organ, or Organ Component"
6255,C0227386,Transverse colon,LNC,"Body Part, Organ, or Organ Component"
6256,C0227386,Transverse Colon,MSH,"Body Part, Organ, or Organ Component"
6257,C0227386,Transverse colon,SNOMEDCT_US,"Body Part, Organ, or Organ Component"
6258,C0227386,Transverse Colon,NCI,"Body Part, Organ, or Organ Component"
6271,C0001625,Adrenal gland,RCD,"Body Part, Organ, or Organ Component"
6272,C0001625,Adrenal gland,SNM,"Body Part, Organ, or Organ Component"
6273,C0001625,Adrenal gland,UWDA,"Body Part, Organ, or Organ Component"
6274,C0001625,Adrenal Gland,MSH,"Body Part, Organ, or Organ Component"
6275,C0001625,Adrenal Gland,SNM,"Body Part, Organ, or Organ Component"
6276,C0001625,adrenal gland,AOD,"Body Part, Organ, or Organ Component"
6277,C0001625,adrenal gland,CSP,"Body Part, Organ, or Organ Component"
6278,C0001625,Adrenal gland,FMA,"Body Part, Organ, or Organ Component"
6279,C0001625,Adrenal gland,ICF,"Body Part, Organ, or Organ Component"
6280,C0001625,Adrenal gland,ICF-CY,"Body Part, Organ, or Organ Component"
6281,C0001625,Adrenal gland,LNC,"Body Part, Organ, or Organ Component"
6282,C0001625,adrenal gland,CHV,"Body Part, Organ, or Organ Component"
6285,C0001625,Adrenal gland,SNOMEDCT_US,"Body Part, Organ, or Organ Component"
6287,C4037990,Adrenal gland,LNC,"Body Part, Organ, or Organ Component"
6288,C0001625,Adrenal Gland,NCI,"Body Part, Organ, or Organ Component"
6303,C0599333,bronchial epithelium,CSP,"Body Part, Organ, or Organ Component"
6304,C0599333,Bronchial epithelium,FMA,"Body Part, Organ, or Organ Component"
6305,C0599333,Bronchial Epithelium,NCI,"Body Part, Organ, or Organ Component"
6306,C0028429,Nose,LCH,"Body Part, Organ, or Organ Component"
6307,C0028429,Nose,MSH,"Body Part, Organ, or Organ Component"
6308,C0028429,Nose,MTH,"Body Part, Organ, or Organ Component"
6309,C0028429,Nose,RCD,"Body Part, Organ, or Organ Component"
6310,C0028429,Nose,SNM,"Body Part, Organ, or Organ Component"
6312,C0028429,Nose,UWDA,"Body Part, Organ, or Organ Component"
6313,C0028429,NOSE,SNMI,"Body Part, Organ, or Organ Component"
6314,C0028429,nose,AOD,"Body Part, Organ, or Organ Component"
6315,C0028429,Nose,OMIM,"Body Part, Organ, or Organ Component"
6316,C0028429,Nose,FMA,"Body Part, Organ, or Organ Component"
6317,C0028429,Nose,LNC,"Body Part, Organ, or Organ Component"
6318,C0028429,nose,CHV,"Body Part, Organ, or Organ Component"
6319,C0028429,Nose,LCH_NW,"Body Part, Organ, or Organ Component"
6321,C0028429,Nose,SNOMEDCT_US,"Body Part, Organ, or Organ Component"
6324,C0028429,Nose,PSY,"Body Part, Organ, or Organ Component"
6325,C0028429,Nose,NCI,"Body Part, Organ, or Organ Component"
6326,C0028429,nose,CSP,"Body Part, Organ, or Organ Component"
6327,C0028429,Nose,HL7V2.5,"Body Part, Organ, or Organ Component"
6328,C0279543,CML,CSP,Neoplastic Process
6329,C0279543,CML,DXP,Neoplastic Process
6330,C1704799,CML,NCI,Gene or Genome
6331,C0279543,CML,OMIM,Neoplastic Process
6332,C0279543,cml,BI,Neoplastic Process
6333,C0279543,cml,CHV,Neoplastic Process
6334,C0812385,CML,HGNC,Gene or Genome
6335,C0279543,CML,MEDLINEPLUS,Neoplastic Process
6337,C0279543,CML,MDR,Neoplastic Process
6338,C0279543,CML,ORPHANET,Neoplastic Process
6339,C0279543,CML,PDQ,Neoplastic Process
6340,C0105421,CML,NCI,"Amino Acid, Peptide, or Protein"
6341,C0105421,CML,NCI,Enzyme
6360,C3898900,Healthy,NCI,Qualitative Concept
6361,C3898900,Healthy,LNC,Qualitative Concept
6362,C3898900,Healthy,HPO,Qualitative Concept
6363,C3898900,Healthy,MTH,Qualitative Concept
6364,C0011164,Degenerated,SNMI,Pathologic Function
6365,C1880269,Degenerated,NCI,Functional Concept
6366,C0011164,degenerated,CHV,Pathologic Function
6380,C0022548,Keloid,ICPC2P,Acquired Abnormality
6381,C0022548,Keloid,MSH,Acquired Abnormality
6382,C0022548,Keloid,SNM,Acquired Abnormality
6383,C0022548,Keloid,SNMI,Acquired Abnormality
6384,C0022548,KELOID,CCPSS,Acquired Abnormality
6385,C0022548,KELOID,COSTAR,Acquired Abnormality
6386,C0022548,KELOID,CST,Acquired Abnormality
6387,C0022548,KELOID,DXP,Acquired Abnormality
6388,C0022548,KELOID,WHO,Acquired Abnormality
6389,C0022548,keloid,BI,Acquired Abnormality
6390,C0022548,Keloid,ICD10CM,Acquired Abnormality
6391,C0022548,keloid,CHV,Acquired Abnormality
6392,C0022548,Keloid,SNOMEDCT_US,Acquired Abnormality
6393,C0022548,Keloid,MDR,Acquired Abnormality
6395,C0022548,keloid,ICPC2ICD10ENG,Acquired Abnormality
6396,C0022548,Keloid,NCI,Acquired Abnormality
6397,C0022548,Keloid,MTHICD9,Acquired Abnormality
6398,C0022548,keloid,ICPC2P,Acquired Abnormality
6399,C0014609,Epithelial tissue,SNM,Tissue
6400,C0014609,Epithelial tissue,UWDA,Tissue
6401,C0014609,Epithelial Tissue,NCI,Tissue
6402,C0014609,epithelial tissue,AOD,Tissue
6403,C0014609,Epithelial tissue,FMA,Tissue
6404,C0014609,epithelial tissue,CHV,Tissue
6405,C0014609,Epithelial Tissue,MSH,Tissue
6406,C0014609,Epithelial tissue,SNOMEDCT_US,Tissue
6407,C0014609,Epithelial tissue,LNC,Tissue
6423,C0596508,Embryonic Stem Cells,MSH,Cell
6424,C0596508,Embryonic stem cells,LCH_NW,Cell
6425,C0596508,Embryonic Stem Cells,NCI,Cell
6434,C0039215,CD4+ T Cell,NCI,Cell
6440,C1171346,hESC,MSH,Cell
6441,C0040184,Tibia,LCH,"Body Part, Organ, or Organ Component"
6442,C0040184,Tibia,MSH,"Body Part, Organ, or Organ Component"
6443,C0040184,Tibia,RCD,"Body Part, Organ, or Organ Component"
6444,C0040184,Tibia,SNM,"Body Part, Organ, or Organ Component"
6445,C0040184,Tibia,UWDA,"Body Part, Organ, or Organ Component"
6446,C0040184,tibia,AOD,"Body Part, Organ, or Organ Component"
6447,C0040184,tibia,CSP,"Body Part, Organ, or Organ Component"
6448,C0040184,Tibia,FMA,"Body Part, Organ, or Organ Component"
6449,C0040184,TIBIA,CCPSS,"Body Part, Organ, or Organ Component"
6450,C0040184,Tibia,LNC,"Body Part, Organ, or Organ Component"
6451,C0040184,tibia,CHV,"Body Part, Organ, or Organ Component"
6452,C0040184,Tibia,LCH_NW,"Body Part, Organ, or Organ Component"
6455,C0040184,Tibia,SNOMEDCT_US,"Body Part, Organ, or Organ Component"
6457,C5703274,Tibia,NCBI,Eukaryote
6458,C0040184,Tibia,NCI,"Body Part, Organ, or Organ Component"
6459,C0040184,Tibia,HL7V2.5,"Body Part, Organ, or Organ Component"
6505,C0027830,Neurofibroma,LCH,Neoplastic Process
6506,C0027830,Neurofibroma,MDR,Neoplastic Process
6507,C0027830,Neurofibroma,MSH,Neoplastic Process
6508,C0027830,Neurofibroma,RCD,Neoplastic Process
6509,C0027830,Neurofibroma,SNM,Neoplastic Process
6510,C0027830,neurofibroma,CSP,Neoplastic Process
6511,C0027830,neurofibroma,CHV,Neoplastic Process
6512,C0027830,Neurofibroma,OMIM,Neoplastic Process
6513,C0027830,Neurofibroma,LCH_NW,Neoplastic Process
6515,C0027830,Neurofibroma,SNOMEDCT_US,Neoplastic Process
6516,C0027830,Neurofibroma,ORPHANET,Neoplastic Process
6517,C0162678,Neurofibroma,HPO,Neoplastic Process
6518,C0027830,Neurofibroma,NCI,Neoplastic Process
6519,C0027830,neurofibroma,MTH,Neoplastic Process
6520,C0021851,Large intestine,RCD,"Body Part, Organ, or Organ Component"
6521,C0021851,Large intestine,SNM,"Body Part, Organ, or Organ Component"
6522,C0021851,Large intestine,UWDA,"Body Part, Organ, or Organ Component"
6523,C0021851,LARGE INTESTINE,SNMI,"Body Part, Organ, or Organ Component"
6524,C0021851,Large Intestine,MTH,"Body Part, Organ, or Organ Component"
6525,C0021851,large intestine,AOD,"Body Part, Organ, or Organ Component"
6526,C0021851,large intestine,CSP,"Body Part, Organ, or Organ Component"
6527,C0021851,Large intestine,FMA,"Body Part, Organ, or Organ Component"
6528,C0021851,Large intestine,ICF,"Body Part, Organ, or Organ Component"
6529,C0021851,Large intestine,ICF-CY,"Body Part, Organ, or Organ Component"
6530,C0021851,large intestine,CHV,"Body Part, Organ, or Organ Component"
6531,C0021851,Large Intestine,MSH,"Body Part, Organ, or Organ Component"
6532,C0021851,Large intestine,SNOMEDCT_US,"Body Part, Organ, or Organ Component"
6533,C0021851,Large Intestine,NCI,"Body Part, Organ, or Organ Component"
6550,C0085376,Corneal limbus,RCD,"Body Part, Organ, or Organ Component"
6551,C0085376,Corneal limbus,UWDA,"Body Part, Organ, or Organ Component"
6552,C0085376,Corneal limbus,FMA,"Body Part, Organ, or Organ Component"
6553,C0085376,Corneal Limbus,MSH,"Body Part, Organ, or Organ Component"
6554,C0085376,Corneal limbus,SNOMEDCT_US,"Body Part, Organ, or Organ Component"
6555,C0085376,Corneal Limbus,NCI,"Body Part, Organ, or Organ Component"
6556,C5780152,Tumor biopsy,MDR,Diagnostic Procedure
6558,C3859811,Human Skin,MTHSPL,Organic Chemical
6559,C0224427,Gluteus minimus muscle,SNM,"Body Part, Organ, or Organ Component"
6560,C0224427,Gluteus minimus muscle,SNMI,"Body Part, Organ, or Organ Component"
6561,C0224427,Gluteus minimus muscle,FMA,"Body Part, Organ, or Organ Component"
6562,C0224427,Gluteus minimus muscle,SNOMEDCT_US,"Body Part, Organ, or Organ Component"
6563,C0584894,Rectus femoris muscle,SNM,"Body Part, Organ, or Organ Component"
6564,C0584894,Rectus femoris muscle,SNMI,"Body Part, Organ, or Organ Component"
6565,C0584894,Rectus femoris muscle,FMA,"Body Part, Organ, or Organ Component"
6566,C0584894,Rectus femoris muscle,SNOMEDCT_US,"Body Part, Organ, or Organ Component"
6567,C0027428,Nasal Mucosa,MSH,Tissue
6568,C0027428,Nasal mucosa,LCH,Tissue
6569,C0027428,Nasal mucosa,RCD,Tissue
6570,C0027428,Nasal mucosa,UWDA,Tissue
6571,C2239140,nasal mucosa,MEDCIN,Health Care Activity
6572,C0027428,Nasal mucosa,FMA,Tissue
6573,C0027428,nasal mucosa,CHV,Tissue
6574,C0027428,Nasal mucosa,LCH_NW,Tissue
6575,C0027428,Nasal Mucosa,NCI,Tissue
6576,C0027428,Nasal Mucosa,PSY,Tissue
6577,C1516821,Embryonic heart,FMA,Embryonic Structure
6578,C1516821,Embryonic Heart,NCI,Embryonic Structure
6615,C0026473,Monocytes,LCH,Cell
6616,C0026473,Monocytes,MSH,Cell
6617,C0026473,monocytes,MTH,Cell
6618,C0026473,Monocytes,MTH,Cell
6619,C0026473,Monocytes,LNC,Cell
6621,C0026473,monocytes,CHV,Cell
6623,C0026473,Monocytes,LCH_NW,Cell
6624,C0026473,Monocytes,MDR,Cell
6625,C0026473,Monocytes,CPM,Cell
6629,C0026473,Monocytes,NCI,Cell
6630,C0581621,Lumbar spinal cord,RCD,"Body Part, Organ, or Organ Component"
6631,C0581621,Lumbar spinal cord,SNM,"Body Part, Organ, or Organ Component"
6632,C0581621,Lumbar spinal cord,SNMI,"Body Part, Organ, or Organ Component"
6633,C0457848,Lumbar spinal cord,FMA,Body Location or Region
6634,C0581621,Lumbar spinal cord,SNOMEDCT_US,"Body Part, Organ, or Organ Component"
6635,C0581621,Lumbar Spinal Cord,PSY,"Body Part, Organ, or Organ Component"
6636,C0581621,Lumbar Spinal Cord,NCI,"Body Part, Organ, or Organ Component"
6637,C0206332,Patellar tendon,RCD,"Body Part, Organ, or Organ Component"
6638,C0206332,patellar tendon,CHV,"Body Part, Organ, or Organ Component"
6639,C0206332,Patellar Tendon,MSH,"Body Part, Organ, or Organ Component"
6640,C0206332,Patellar tendon,FMA,"Body Part, Organ, or Organ Component"
6641,C0206332,Patellar tendon,SNOMEDCT_US,"Body Part, Organ, or Organ Component"
6642,C0206332,Patellar Tendon,NCI,"Body Part, Organ, or Organ Component"
6643,C0039485,Temporal Lobe,MSH,"Body Part, Organ, or Organ Component"
6644,C0039485,Temporal Lobe,MTH,"Body Part, Organ, or Organ Component"
6645,C0039485,Temporal lobe,RCD,"Body Part, Organ, or Organ Component"
6646,C0039485,Temporal lobe,SNM,"Body Part, Organ, or Organ Component"
6647,C0039485,temporal lobe,CSP,"Body Part, Organ, or Organ Component"
6648,C0039485,Temporal lobe,FMA,"Body Part, Organ, or Organ Component"
6649,C0039485,Temporal lobe,ICF,"Body Part, Organ, or Organ Component"
6650,C0039485,Temporal lobe,ICF-CY,"Body Part, Organ, or Organ Component"
6651,C0039485,temporal lobe,CHV,"Body Part, Organ, or Organ Component"
6652,C0039485,temporal lobe,NEU,"Body Part, Organ, or Organ Component"
6654,C0039485,Temporal lobe,SNOMEDCT_US,"Body Part, Organ, or Organ Component"
6655,C0039485,Temporal Lobe,PSY,"Body Part, Organ, or Organ Component"
6656,C0039485,Temporal Lobe,NCI,"Body Part, Organ, or Organ Component"
6657,C0039485,Temporal Lobe,HL7V2.5,"Body Part, Organ, or Organ Component"
6658,C0018957,Hematopoietic System,MSH,Body System
6659,C0018957,Hematopoietic system,LCH,Body System
6660,C0018957,Hematopoietic system,SNM,Body System
6661,C0018957,Hematopoietic system,UWDA,Body System
6662,C0018957,hematopoietic system,AOD,Body System
6663,C0018957,Hematopoietic system,FMA,Body System
6664,C0018957,hematopoietic system,CHV,Body System
6665,C0018957,Hematopoietic system,LCH_NW,Body System
6666,C0018957,Hematopoietic system,SNOMEDCT_US,Body System
6667,C0018957,Hematopoietic System,NCI,Body System
6668,C0018957,Hematopoietic System,MTH,Body System
6669,C0023903,LIVER TUMOR,CST,Neoplastic Process
6670,C0023903,liver tumor,CHV,Neoplastic Process
6671,C0023903,Liver tumor,SNOMEDCT_VET,Neoplastic Process
6672,C0023903,Liver tumor,MDR,Neoplastic Process
6673,C0023903,Liver tumor,HPO,Neoplastic Process
6674,C0577059,Liver normal,RCD,Finding
6675,C0577059,liver normal,CHV,Finding
6676,C0577059,Liver normal,SNOMEDCT_US,Finding
6677,C0009375,COLON TUMOR,DXP,Neoplastic Process
6678,C0009375,colon tumor,CHV,Neoplastic Process
6679,C0009375,Colon tumor,HPO,Neoplastic Process
6680,C0009375,Colon Tumor,NCI,Neoplastic Process
6698,C0220650,BRAIN METASTASIS,CCPSS,Neoplastic Process
6699,C0220650,brain metastasis,CHV,Neoplastic Process
6700,C0220650,Brain metastasis,LCH_NW,Neoplastic Process
6701,C0220650,Brain Metastasis,NCI,Neoplastic Process
6702,C0600432,K562 Cells,MSH,Cell
6717,C0221928,Dermal,SNMI,Qualitative Concept
6718,C1522447,Dermal,NCI,Functional Concept
6719,C0221928,dermal,CHV,Qualitative Concept
6720,C0221928,Dermal,NCI,Qualitative Concept
6721,C0014175,Endometriosis,CCS,Disease or Syndrome
6723,C0014175,Endometriosis,ICD10,Disease or Syndrome
6724,C0014175,Endometriosis,ICD10AM,Disease or Syndrome
6725,C0014175,Endometriosis,ICPC2P,Disease or Syndrome
6726,C0014175,Endometriosis,LCH,Disease or Syndrome
6727,C0014175,Endometriosis,MDR,Disease or Syndrome
6728,C0014175,Endometriosis,MSH,Disease or Syndrome
6729,C0014175,Endometriosis,RCD,Disease or Syndrome
6730,C0014175,Endometriosis,SNM,Disease or Syndrome
6731,C0014175,ENDOMETRIOSIS,CCPSS,Disease or Syndrome
6732,C0014175,ENDOMETRIOSIS,COSTAR,Disease or Syndrome
6733,C0014175,ENDOMETRIOSIS,CST,Disease or Syndrome
6734,C0014175,ENDOMETRIOSIS,DXP,Disease or Syndrome
6736,C0014175,ENDOMETRIOSIS,QMR,Disease or Syndrome
6737,C0014175,ENDOMETRIOSIS,WHO,Disease or Syndrome
6738,C0014175,endometriosis,BI,Disease or Syndrome
6739,C0014175,endometriosis,CSP,Disease or Syndrome
6740,C0014175,endometriosis,MEDCIN,Disease or Syndrome
6741,C0014175,Endometriosis,ICD10CM,Disease or Syndrome
6742,C0014175,endometriosis,CHV,Disease or Syndrome
6743,C0014175,Endometriosis,MEDLINEPLUS,Disease or Syndrome
6744,C0014175,Endometriosis,MTH,Disease or Syndrome
6745,C0014175,Endometriosis,OMIM,Disease or Syndrome
6746,C0014175,Endometriosis,LCH_NW,Disease or Syndrome
6747,C0014175,Endometriosis,HPO,Disease or Syndrome
6749,C0014175,Endometriosis,SNOMEDCT_US,Disease or Syndrome
6751,C0014175,Endometriosis,CCSR_ICD10CM,Disease or Syndrome
6752,C0014175,endometriosis,ICPC2ICD10ENG,Disease or Syndrome
6753,C0014175,Endometriosis,NCI,Disease or Syndrome
6754,C0014175,Endometriosis,ICD9CM,Disease or Syndrome
6755,C0014175,endometriosis,ICPC2P,Disease or Syndrome
6756,C1536148,Endometrioma,RCD,Neoplastic Process
6757,C0269102,Endometrioma,SNM,Neoplastic Process
6758,C0269102,Endometrioma,SNMI,Neoplastic Process
6759,C0269102,Endometrioma,MTH,Neoplastic Process
6760,C0269102,endometrioma,CHV,Neoplastic Process
6761,C0269102,Endometrioma,MDR,Neoplastic Process
6762,C0269102,Endometrioma,SNOMEDCT_US,Neoplastic Process
6763,C1536148,Endometrioma,SNOMEDCT_US,Neoplastic Process
6764,C0269102,Endometrioma,OMIM,Neoplastic Process
6765,C0269102,Endometrioma,ICD10CM,Neoplastic Process
6766,C0269102,Endometrioma,MSH,Neoplastic Process
6787,C1419382,Rh4,HGNC,Gene or Genome
6788,C0227590,Pancreas Tail,NCI,"Body Part, Organ, or Organ Component"
6789,C0227590,pancreas tail,CHV,"Body Part, Organ, or Organ Component"
6790,C0227579,Pancreas Head,NCI,"Body Part, Organ, or Organ Component"
6791,C0227579,pancreas head,CHV,"Body Part, Organ, or Organ Component"
6792,C0447556,Pancreas Neck,NCI,"Body Part, Organ, or Organ Component"
6795,C0227582,Pancreas Body,NCI,"Body Part, Organ, or Organ Component"
6796,C1140680,ovarian cancer,CSP,Neoplastic Process
6797,C1140680,OVARIAN CANCER,CCPSS,Neoplastic Process
6798,C1140680,OVARIAN CANCER,CST,Neoplastic Process
6799,C1140680,ovarian cancer,MEDCIN,Neoplastic Process
6801,C1140680,OVARIAN CANCER,OMIM,Neoplastic Process
6802,C1140680,Ovarian cancer,OMIM,Neoplastic Process
6803,C1140680,ovarian cancer,CHV,Neoplastic Process
6805,C1140680,Ovarian Cancer,MEDLINEPLUS,Neoplastic Process
6806,C1140680,Ovarian cancer,LNC,Neoplastic Process
6807,C1140680,Ovarian cancer,SNOMEDCT_US,Neoplastic Process
6808,C1140680,Ovarian cancer,MDR,Neoplastic Process
6809,C1140680,Ovarian Cancer,MSH,Neoplastic Process
6811,C1140680,Ovarian cancer,HPO,Neoplastic Process
6812,C0919267,ovarian cancer,PDQ,Neoplastic Process
6813,C1140680,Ovarian cancer,ORPHANET,Neoplastic Process
6814,C1140680,Ovarian Cancer,NCI,Neoplastic Process
6837,C0440102,Various,RCD,"Indicator, Reagent, or Diagnostic Aid"
6838,C3540008,various,ATC,Pharmacologic Substance
6839,C3540766,various,ATC,Pharmacologic Substance
6840,C3540765,various,ATC,Pharmacologic Substance
6841,C3540765,various,ATC,Immunologic Factor
6842,C3540769,various,ATC,Pharmacologic Substance
6843,C3540761,various,ATC,Pharmacologic Substance
6844,C3540763,VARIOUS,ATC,Pharmacologic Substance
6845,C3540762,various,ATC,Pharmacologic Substance
6846,C0751560,tonsillar cancer,CHV,Neoplastic Process
6847,C0751560,Tonsillar Cancer,MSH,Neoplastic Process
6848,C0558355,Tonsillar Cancer,NCI,Neoplastic Process
6849,C0205225,Primary,MTH,Qualitative Concept
6850,C0205225,Primary,RCD,Qualitative Concept
6851,C0205225,Primary,SNMI,Qualitative Concept
6852,C0205225,primary,CHV,Qualitative Concept
6853,C0439612,Primary,SNOMEDCT_VET,Temporal Concept
6854,C0205225,Primary,SNOMEDCT_US,Qualitative Concept
6855,C0205225,Primary,LNC,Qualitative Concept
6856,C0205225,Primary,NCI,Qualitative Concept
6866,C0015813,Femoral head,SNMI,"Body Part, Organ, or Organ Component"
6867,C0015813,Femoral head,FMA,"Body Part, Organ, or Organ Component"
6868,C0015813,femoral head,CHV,"Body Part, Organ, or Organ Component"
6869,C0015813,Femoral head,SNOMEDCT_US,"Body Part, Organ, or Organ Component"
6870,C0015813,Femoral Head,MSH,"Body Part, Organ, or Organ Component"
6871,C0015813,Femoral Head,HL7V2.5,"Body Part, Organ, or Organ Component"
6872,C0741085,ANKLE ULCER,CCPSS,Disease or Syndrome
6873,C0741085,ankle ulcer,CHV,Disease or Syndrome
6874,C0741085,Ankle ulcer,MDR,Disease or Syndrome
6875,C0741085,Ankle ulcer,SNOMEDCT_US,Disease or Syndrome
6876,C0085119,Foot Ulcer,MSH,Disease or Syndrome
6877,C0085119,Foot ulcer,RCD,Disease or Syndrome
6878,C0085119,foot ulcer,MEDCIN,Disease or Syndrome
6879,C0085119,FOOT ULCER,CCPSS,Disease or Syndrome
6880,C0085119,foot ulcer,CHV,Disease or Syndrome
6881,C0085119,Foot ulcer,MDR,Disease or Syndrome
6882,C0085119,Foot ulcer,SNOMEDCT_US,Disease or Syndrome
6897,C0018671,Head and neck tumor,HPO,Neoplastic Process
6898,C0018671,Head and Neck Tumor,NCI,Neoplastic Process
6899,C0231024,Neural tube,SNM,Embryonic Structure
6900,C0231024,Neural tube,SNMI,Embryonic Structure
6901,C0231024,Neural Tube,MSH,Embryonic Structure
6902,C0231024,neural tube,AOD,Embryonic Structure
6903,C0231024,neural tube,CSP,Embryonic Structure
6904,C0231024,neural tube,CHV,Embryonic Structure
6905,C0231024,neural tube,NEU,Embryonic Structure
6906,C0231024,Neural tube,LCH_NW,Embryonic Structure
6907,C0231024,Neural tube,FMA,Embryonic Structure
6908,C0231024,Neural tube,SNOMEDCT_US,Embryonic Structure
6909,C0231024,Neural Tube,NCI,Embryonic Structure
6910,C0231024,Neural tube,MTH,Embryonic Structure
6911,C0020629,Hypopharynx,LCH,Body Location or Region
6912,C0020629,Hypopharynx,MSH,Body Location or Region
6913,C0020629,Hypopharynx,RCD,Body Location or Region
6914,C0020629,Hypopharynx,SNM,Body Location or Region
6915,C0020629,Hypopharynx,UWDA,Body Location or Region
6916,C0020629,hypopharynx,MTH,Body Location or Region
6917,C0020629,Hypopharynx,FMA,Body Location or Region
6918,C0020629,hypopharynx,CHV,Body Location or Region
6919,C0020629,Hypopharynx,LCH_NW,Body Location or Region
6920,C0020629,Hypopharynx,LNC,Body Location or Region
6921,C0020629,Hypopharynx,SNOMEDCT_US,Body Location or Region
6922,C0020629,Hypopharynx,NCI,Body Location or Region
6923,C4727838,Advanced Melanoma,NCI,Neoplastic Process
6924,C0031104,Periodontal tissues,SNM,Tissue
6925,C0031104,Periodontal tissues,SNOMEDCT_US,Tissue
6934,C3844738,NR,NCI,Finding
6935,C0229168,Pars plicata,SNOMEDCT_US,"Body Part, Organ, or Organ Component"
6936,C0229167,pars plana,CHV,"Body Part, Organ, or Organ Component"
6937,C0229167,Pars plana,SNOMEDCT_US,"Body Part, Organ, or Organ Component"
6938,C0460148,Body,FMA,Anatomical Structure
6939,C1551342,Body,NCI,Intellectual Product
6940,C0242821,body,CHV,Human
6941,C0152338,body,NEU,"Body Part, Organ, or Organ Component"
6942,C1268086,Body,SNOMEDCT_VET,Anatomical Structure
6943,C4082212,Body,UWDA,Anatomical Structure
6944,C0444584,Body,NCI,Anatomical Structure
6967,C0022907,Lacrimal gland,RCD,"Body Part, Organ, or Organ Component"
6968,C0022907,Lacrimal gland,SNM,"Body Part, Organ, or Organ Component"
6969,C0022907,Lacrimal gland,UWDA,"Body Part, Organ, or Organ Component"
6970,C0022907,lacrimal gland,AOD,"Body Part, Organ, or Organ Component"
6971,C2174415,lacrimal gland,MEDCIN,Health Care Activity
6972,C0022907,Lacrimal gland,FMA,"Body Part, Organ, or Organ Component"
6973,C0022907,Lacrimal gland,LNC,"Body Part, Organ, or Organ Component"
6974,C0022907,lacrimal gland,CHV,"Body Part, Organ, or Organ Component"
6975,C0022907,Lacrimal gland,SNOMEDCT_US,"Body Part, Organ, or Organ Component"
6977,C0022907,Lacrimal Gland,NCI,"Body Part, Organ, or Organ Component"
6978,C0022907,Lacrimal Gland,MSH,"Body Part, Organ, or Organ Component"
6979,C0006104,human brain,NEU,"Body Part, Organ, or Organ Component"
6980,C0334463,Undifferentiated Pleomorphic Sarcoma,NCI,Neoplastic Process
6981,C0334463,Undifferentiated pleomorphic sarcoma,ORPHANET,Neoplastic Process
6982,C0334463,Undifferentiated pleomorphic sarcoma,MDR,Neoplastic Process
6983,C0023269,Leiomyosarcoma,COSTAR,Neoplastic Process
6984,C0023269,Leiomyosarcoma,MSH,Neoplastic Process
6985,C0023269,Leiomyosarcoma,RCD,Neoplastic Process
6986,C0023269,Leiomyosarcoma,SNM,Neoplastic Process
6987,C0023269,leiomyosarcoma,AOD,Neoplastic Process
6988,C0023269,leiomyosarcoma,CSP,Neoplastic Process
6989,C0023269,leiomyosarcoma,MEDCIN,Neoplastic Process
6990,C0023269,LEIOMYOSARCOMA,CCPSS,Neoplastic Process
6991,C0023269,Leiomyosarcoma,SNOMEDCT_US,Neoplastic Process
6992,C0023269,leiomyosarcoma,CHV,Neoplastic Process
6993,C0023269,Leiomyosarcoma,HPO,Neoplastic Process
6994,C0023269,Leiomyosarcoma,MDR,Neoplastic Process
6997,C0023269,Leiomyosarcoma,ORPHANET,Neoplastic Process
6998,C0023269,Leiomyosarcoma,NCI,Neoplastic Process
6999,C0023269,leiomyosarcoma,MTH,Neoplastic Process
7007,C0577026,normal stomach,CHV,Finding
7008,C0577026,Normal stomach,MTHMST,Finding
7009,C0220603,pediatric brain tumor,CHV,Neoplastic Process
7010,C0220603,pediatric brain tumor,PDQ,Neoplastic Process
7011,C0220603,Pediatric Brain Tumor,NCI,Neoplastic Process
7035,C0036098,Salivary gland,RCD,"Body Part, Organ, or Organ Component"
7036,C0036098,Salivary gland,SNM,"Body Part, Organ, or Organ Component"
7037,C0036098,Salivary gland,UWDA,"Body Part, Organ, or Organ Component"
7038,C0036098,Salivary Gland,MSH,"Body Part, Organ, or Organ Component"
7039,C0036098,Salivary Gland,SNM,"Body Part, Organ, or Organ Component"
7040,C0036098,salivary gland,AOD,"Body Part, Organ, or Organ Component"
7041,C0036098,salivary gland,CSP,"Body Part, Organ, or Organ Component"
7042,C0036098,Salivary gland,FMA,"Body Part, Organ, or Organ Component"
7043,C0036098,Salivary gland,LNC,"Body Part, Organ, or Organ Component"
7045,C0036098,salivary gland,CHV,"Body Part, Organ, or Organ Component"
7047,C0036098,Salivary gland,SNOMEDCT_US,"Body Part, Organ, or Organ Component"
7048,C4266562,Salivary gland,LNC,"Body Part, Organ, or Organ Component"
7051,C0036098,Salivary Gland,NCI,"Body Part, Organ, or Organ Component"
7052,C0036098,Salivary Gland,HL7V2.5,"Body Part, Organ, or Organ Component"
7053,C0224473,Flexor hallucis longus,RCD,"Body Part, Organ, or Organ Component"
7054,C0224473,Flexor hallucis longus,UWDA,"Body Part, Organ, or Organ Component"
7055,C0224473,Flexor Hallucis Longus,NCI,"Body Part, Organ, or Organ Component"
7056,C0224473,Flexor hallucis longus,FMA,"Body Part, Organ, or Organ Component"
7057,C0224473,flexor hallucis longus,CHV,"Body Part, Organ, or Organ Component"
7058,C0224473,Flexor hallucis longus,SNOMEDCT_US,"Body Part, Organ, or Organ Component"
7059,C0224147,Orbicularis oris,RCD,"Body Part, Organ, or Organ Component"
7060,C0224147,Orbicularis oris,UWDA,"Body Part, Organ, or Organ Component"
7061,C0224147,Orbicularis oris,FMA,"Body Part, Organ, or Organ Component"
7062,C0224147,orbicularis oris,CHV,"Body Part, Organ, or Organ Component"
7063,C2706046,Eye lid,LNC,"Body Part, Organ, or Organ Component"
7066,C0694662,Left vastus lateralis,FMA,"Body Part, Organ, or Organ Component"
7067,C0694662,left vastus lateralis,HL7V3.0,"Body Part, Organ, or Organ Component"
7068,C0694662,Left vastus lateralis,UWDA,"Body Part, Organ, or Organ Component"
7069,C0694662,Left Vastus Lateralis,NCI,"Body Part, Organ, or Organ Component"
7070,C0694662,Left Vastus Lateralis,HL7V2.5,"Body Part, Organ, or Organ Component"
7071,C0507168,Left external oblique,FMA,"Body Part, Organ, or Organ Component"
7072,C0507168,Left external oblique,UWDA,"Body Part, Organ, or Organ Component"
7073,C0224361,Trapezius,RCD,"Body Part, Organ, or Organ Component"
7074,C0224361,Trapezius,UWDA,"Body Part, Organ, or Organ Component"
7075,C0224361,Trapezius,FMA,"Body Part, Organ, or Organ Component"
7076,C0224361,trapezius,CHV,"Body Part, Organ, or Organ Component"
7077,C0224361,Trapezius,MSH,"Body Part, Organ, or Organ Component"
7078,C0507167,Right external oblique,FMA,"Body Part, Organ, or Organ Component"
7079,C0507167,Right external oblique,UWDA,"Body Part, Organ, or Organ Component"
7080,C0882849,CD34+ Cells,DRUGBANK,Cell
7081,C1510477,endometrium biopsy,CHV,Diagnostic Procedure
7082,C0006279,Bronchoalveolar Lavage Fluid,MSH,Body Substance
7083,C0006279,Bronchoalveolar lavage fluid,RCD,Body Substance
7084,C0006279,Bronchoalveolar Lavage Fluid,MTH,Body Substance
7085,C0006279,Bronchoalveolar lavage fluid,SNOMEDCT_US,Body Substance
7086,C0006279,Bronchoalveolar Lavage Fluid,NCI,Body Substance
7087,C0039508,Tendon,MSH,"Body Part, Organ, or Organ Component"
7088,C0039508,Tendon,RCD,"Body Part, Organ, or Organ Component"
7089,C0039508,Tendon,SNM,"Body Part, Organ, or Organ Component"
7090,C0039508,Tendon,UWDA,"Body Part, Organ, or Organ Component"
7091,C0039508,tendon,AOD,"Body Part, Organ, or Organ Component"
7092,C0039508,tendon,CSP,"Body Part, Organ, or Organ Component"
7093,C0039508,Tendon,FMA,"Body Part, Organ, or Organ Component"
7094,C0039508,tendon,CHV,"Body Part, Organ, or Organ Component"
7095,C0039508,Tendon,LNC,"Body Part, Organ, or Organ Component"
7096,C0039508,Tendon,SNOMEDCT_US,"Body Part, Organ, or Organ Component"
7099,C0039508,Tendon,NCI,"Body Part, Organ, or Organ Component"
7100,C0017189,Gastrointestinal tract,RCD,Body System
7101,C0017189,Gastrointestinal tract,SNM,Body System
7102,C0017189,gastrointestinal tract,AOD,Body System
7103,C0017189,gastrointestinal tract,CSP,Body System
7104,C0017189,Gastrointestinal tract,FMA,Body System
7105,C0017189,Gastrointestinal tract,LNC,Body System
7106,C0017189,gastrointestinal tract,CHV,Body System
7109,C0017189,Gastrointestinal Tract,MSH,Body System
7110,C0017189,Gastrointestinal tract,SNOMEDCT_US,Body System
7111,C4299166,Gastrointestinal tract,LNC,Body Location or Region
7113,C0017189,Gastrointestinal Tract,NCI,Body System
7152,C0224453,Semitendinosus muscle,SNM,"Body Part, Organ, or Organ Component"
7153,C0224453,Semitendinosus muscle,SNMI,"Body Part, Organ, or Organ Component"
7154,C0224453,Semitendinosus muscle,UWDA,"Body Part, Organ, or Organ Component"
7155,C0224453,Semitendinosus muscle,FMA,"Body Part, Organ, or Organ Component"
7156,C0224453,semitendinosus muscle,CHV,"Body Part, Organ, or Organ Component"
7157,C0224453,Semitendinosus muscle,SNOMEDCT_US,"Body Part, Organ, or Organ Component"
7158,C0189784,Cardiac Biopsy,NCI,Diagnostic Procedure
7159,C0189784,cardiac biopsy,MEDCIN,Diagnostic Procedure
7160,C0189784,cardiac biopsy,CHV,Diagnostic Procedure
7161,C0189784,Cardiac biopsy,MDR,Diagnostic Procedure
7164,C2370811,bronchial brushing,MEDCIN,Diagnostic Procedure
7165,C0016733,Frontal Lobe,MSH,"Body Part, Organ, or Organ Component"
7166,C0016733,Frontal lobe,RCD,"Body Part, Organ, or Organ Component"
7167,C0016733,Frontal lobe,SNM,"Body Part, Organ, or Organ Component"
7168,C0016733,frontal lobe,CSP,"Body Part, Organ, or Organ Component"
7169,C0016733,frontal lobe,MTH,"Body Part, Organ, or Organ Component"
7170,C0016733,Frontal lobe,FMA,"Body Part, Organ, or Organ Component"
7171,C0016733,Frontal lobe,ICF,"Body Part, Organ, or Organ Component"
7172,C0016733,Frontal lobe,ICF-CY,"Body Part, Organ, or Organ Component"
7173,C0016733,frontal lobe,CHV,"Body Part, Organ, or Organ Component"
7174,C0016733,frontal lobe,NEU,"Body Part, Organ, or Organ Component"
7175,C0016733,Frontal lobe,SNOMEDCT_US,"Body Part, Organ, or Organ Component"
7176,C0016733,Frontal Lobe,PSY,"Body Part, Organ, or Organ Component"
7177,C0016733,Frontal Lobe,NCI,"Body Part, Organ, or Organ Component"
7178,C0030518,parathyroid,AOD,"Body Part, Organ, or Organ Component"
7179,C3714631,PARATHYROID,VANDF,Pharmacologic Substance
7180,C3714631,PARATHYROID,VANDF,Hormone
7181,C0030520,parathyroid,MEDCIN,"Amino Acid, Peptide, or Protein"
7182,C0030520,parathyroid,MEDCIN,Pharmacologic Substance
7183,C0030520,parathyroid,MEDCIN,Hormone
7184,C0030518,Parathyroid,LNC,"Body Part, Organ, or Organ Component"
7185,C0030518,parathyroid,CHV,"Body Part, Organ, or Organ Component"
7186,C0030518,Parathyroid,SNOMEDCT_US,"Body Part, Organ, or Organ Component"
7188,C0030518,Parathyroid,NCI,"Body Part, Organ, or Organ Component"
7189,C2936475,Blood Buffy Coat,MSH,Body Substance
7190,C0205042,Coronary artery,MTH,"Body Part, Organ, or Organ Component"
7191,C0205042,Coronary artery,RCD,"Body Part, Organ, or Organ Component"
7192,C0205042,Coronary artery,SNM,"Body Part, Organ, or Organ Component"
7193,C0205042,Coronary Artery,SNM,"Body Part, Organ, or Organ Component"
7194,C0205042,coronary artery,CSP,"Body Part, Organ, or Organ Component"
7195,C0205042,Coronary artery,FMA,"Body Part, Organ, or Organ Component"
7196,C0205042,coronary artery,CHV,"Body Part, Organ, or Organ Component"
7197,C0205042,Coronary artery,UWDA,"Body Part, Organ, or Organ Component"
7198,C0205042,Coronary artery,SNOMEDCT_US,"Body Part, Organ, or Organ Component"
7199,C0205042,Coronary Artery,MSH,"Body Part, Organ, or Organ Component"
7200,C0205042,Coronary Artery,NCI,"Body Part, Organ, or Organ Component"
7201,C0678212,HERNIATED NUCLEUS PULPOSUS,COSTAR,Injury or Poisoning
7202,C0678212,herniated nucleus pulposus,CHV,Injury or Poisoning
7203,C0678212,Herniated nucleus pulposus,MEDLINEPLUS,Injury or Poisoning
7204,C0678212,Herniated nucleus pulposus,MDR,Injury or Poisoning
7207,C0346647,pancreatic cancer,AOD,Neoplastic Process
7208,C0346647,pancreatic cancer,CSP,Neoplastic Process
7209,C0346647,Pancreatic cancer,RCD,Neoplastic Process
7210,C0346647,Pancreatic cancer,OMIM,Neoplastic Process
7211,C0346647,Pancreatic cancer,MEDCIN,Neoplastic Process
7212,C0346647,pancreatic cancer,CHV,Neoplastic Process
7213,C0235974,PANCREATIC CANCER,OMIM,Neoplastic Process
7214,C0346647,Pancreatic Cancer,MEDLINEPLUS,Neoplastic Process
7215,C0346647,Pancreatic cancer,MDR,Neoplastic Process
7216,C0346647,Pancreatic Cancer,MSH,Neoplastic Process
7217,C0346647,Pancreatic cancer,HPO,Neoplastic Process
7218,C0346647,Pancreatic cancer,SNOMEDCT_US,Neoplastic Process
7219,C0346647,pancreatic cancer,PDQ,Neoplastic Process
7220,C0346647,Pancreatic cancer,PDQ,Neoplastic Process
7221,C0235974,Pancreatic Cancer,NCI,Neoplastic Process
7222,C0175196,Entorhinal Cortex,MSH,"Body Part, Organ, or Organ Component"
7223,C0175196,Entorhinal cortex,SNMI,"Body Part, Organ, or Organ Component"
7224,C0175196,entorhinal cortex,CSP,"Body Part, Organ, or Organ Component"
7225,C0175196,Entorhinal cortex,FMA,"Body Part, Organ, or Organ Component"
7226,C0175196,entorhinal cortex,CHV,"Body Part, Organ, or Organ Component"
7227,C0175196,Entorhinal Cortex,NCI,"Body Part, Organ, or Organ Component"
7228,C0175196,entorhinal cortex,NEU,"Body Part, Organ, or Organ Component"
7229,C0175196,Entorhinal cortex,SNOMEDCT_US,"Body Part, Organ, or Organ Component"
